NomeLoja;LojaCampea;EnderecoWeb;Cidade;Estrelas;Segmento;Distancia;Tempo;Frete
Mania de Açaí;Sim;https://www.ifood.com.br/delivery/igarassu-pe/mania-de-acai-jardim-boa-sorte/24d8e1b5-4a77-4003-a8c0-b7785ec4b9a8;igarassu-pe;4.9;Açaí;0.2 km;30-40 min;R$ 5,00
Monster Burguer e Pizzaria;Sim;https://www.ifood.com.br/delivery/igarassu-pe/monster-burguer-e-pizzaria-umbura/bc5f2cc8-7cf2-4494-a549-626754a58507;igarassu-pe;4.5;Lanches;0.3 km;60-70 min;R$ 5,00
Pan Josina;Não;https://www.ifood.com.br/delivery/igarassu-pe/pan-josina-cruz-do-reboucas/af47d57e-421c-4c65-853c-4ff7df500a9f;igarassu-pe;4.8;Padaria;0.4 km;38-48 min;R$ 4,99
Coxinhas de Batata Igarassu;Não;https://www.ifood.com.br/delivery/igarassu-pe/coxinhas-de-batata-igarassu-cruz-do-reboucas/3dd7009c-5ddb-4dd2-9c5b-4f09f17e0830;igarassu-pe;4.8;Lanches;0.5 km;35-45 min;R$ 5,00
Dog 28;Sim;https://www.ifood.com.br/delivery/igarassu-pe/dog-28-umbura/82ceff95-f542-4690-a41a-4180472ee697;igarassu-pe;4.8;Lanches;0.5 km;30-40 min;R$ 4,00
Pizza em Casa;Não;https://www.ifood.com.br/delivery/igarassu-pe/pizza-em-casa-jardim-boa-sorte/ec6a3997-c0d3-4598-9e0c-4c43b4fee1f6;igarassu-pe;4.8;Pizza;0.7 km;30-40 min;Grátis
Trem Pão - Pão de Queijo Artesanal;Não;https://www.ifood.com.br/delivery/igarassu-pe/trem-pao---pao-de-queijo-artesanal-triunfo/89d6bd04-9701-4b6a-a547-4bdce4c34c09;igarassu-pe;Novidade;Brasileira;0.8 km;15-25 min;R$ 3,99
Bonna Massa;Sim;https://www.ifood.com.br/delivery/igarassu-pe/bonna-massa-panco/95f7c3ca-663d-48ca-90d5-5fcb47d68708;igarassu-pe;4.9;Pizza;0.8 km;60-70 min;R$ 3,00
Diju Salgados;Não;https://www.ifood.com.br/delivery/igarassu-pe/diju-salgados-umbura/861e0790-3933-4af2-8440-ad956c07f14b;igarassu-pe;5.0;Salgados;0.8 km;35-45 min;R$ 3,99
Boa Pizza Express;Não;https://www.ifood.com.br/delivery/igarassu-pe/boa-pizza-express-umbura/360d4e00-0a56-4176-9487-6e12d56405ab;igarassu-pe;4.9;Pizza;0.9 km;50-60 min;R$ 3,99
Batatrailer;Sim;https://www.ifood.com.br/delivery/igarassu-pe/batatrailer-cruz-do-reboucas/191cf549-72b0-4a86-bb49-356c8679d998;igarassu-pe;4.8;Hambúrguer;0.9 km;40-50 min;R$ 4,99
Bella - Milk Shake, Açaí e Lanches;Não;https://www.ifood.com.br/delivery/igarassu-pe/bella---milk-shake-acai-e-lanches-cruz-do-reboucas/facee11e-b875-4ade-ae83-39a4e031038f;igarassu-pe;4.7;Lanches;1.0 km;41-51 min;R$ 2,99
Pizzaria Mix;Não;https://www.ifood.com.br/delivery/igarassu-pe/pizzaria-mix-cruz-do-reboucas/06e4eed6-8c88-47ba-82c6-37f3c013dccf;igarassu-pe;Novidade;Pizza;1.0 km;40-50 min;R$ 3,99
Copinos Gelateria e Comedoria;Não;https://www.ifood.com.br/delivery/igarassu-pe/copinos-gelateria-e-comedoria-cruz-do-reboucas/ee2ce303-c9f3-440d-8679-4b308f131afb;igarassu-pe;4.3;Variada;1.0 km;37-47 min;R$ 6,00
Milly Comercio & Refeição;Não;https://www.ifood.com.br/delivery/igarassu-pe/milly-comercio--refeicao-triunfo/af8937a4-e7ca-48d2-b859-9938f6482464;igarassu-pe;4.4;Brasileira;1.1 km;48-58 min;R$ 5,99
Evinho Burguer;Não;https://www.ifood.com.br/delivery/igarassu-pe/evinho-burguer-encanto-igarassu/99eb571e-85e9-422b-aa75-be0e1ad03d91;igarassu-pe;Novidade;Lanches;1.1 km;40-50 min;Grátis
Lex Salgados;Sim;https://www.ifood.com.br/delivery/igarassu-pe/lex-salgados-cruz-do-reboucas/ce492a50-b874-4eb8-986f-a79c2681fd19;igarassu-pe;4.8;Salgados;1.1 km;35-45 min;R$ 5,99
Pizzaria e Padaria Ebenezer;Não;https://www.ifood.com.br/delivery/igarassu-pe/pizzaria-e-padaria-ebenezer-cruz-do-reboucas/6a53acc6-42d5-468c-877f-f3fd1990f3e3;igarassu-pe;4.7;Pizza;1.1 km;60-70 min;R$ 4,99
Tapiocaria e Pizzaria Dekas;Não;https://www.ifood.com.br/delivery/igarassu-pe/tapiocaria-e-pizzaria-dekas-santo-antonio/c466f0ad-fc3d-4ce2-bb34-3a643ebb78fe;igarassu-pe;Novidade;Pizza;1.1 km;35-45 min;R$ 4,00
T L Refeicoes;Não;https://www.ifood.com.br/delivery/igarassu-pe/t-l-refeicoes-inhama/764fe8dc-9c58-4b2c-b736-0ed478efc033;igarassu-pe;4.5;Brasileira;1.2 km;47-57 min;R$ 4,99
Bababa Açaí;Não;https://www.ifood.com.br/delivery/igarassu-pe/bababa-acai-cruz-do-reboucas/35111a06-175d-40c5-80b7-dbd341d7de77;igarassu-pe;5.0;Açaí;1.3 km;35-45 min;R$ 3,99
Mini Coxinha da Ivonny;Não;https://www.ifood.com.br/delivery/igarassu-pe/mini-coxinha-da-ivonny-santo-antonio/e27b2bee-a37e-4fa6-bc6b-3d27f8f31453;igarassu-pe;4.9;Lanches;1.3 km;39-49 min;R$ 3,99
Circo Burger;Não;https://www.ifood.com.br/delivery/igarassu-pe/circo-burger-cruz-do-reboucas/6f906b75-0e53-4274-bdbf-b4bcf26df83e;igarassu-pe;4.6;Hambúrguer;1.6 km;40-50 min;R$ 5,00
Acaí dos Sonhos;Não;https://www.ifood.com.br/delivery/igarassu-pe/acai-dos-sonhos-santo-antonio/288d4745-eca3-489e-a02a-034b09590f03;igarassu-pe;5.0;Açaí;1.6 km;45-55 min;R$ 3,00
Igarassu Cacau;Não;https://www.ifood.com.br/delivery/igarassu-pe/igarassu-cacau-santa-maria/f9b6e7a3-9654-478a-bc13-daa018c34cce;igarassu-pe;5.0;Presentes;1.8 km;38-48 min;R$ 3,99
Aqui Tem Cheiro & Sabor- Espetinho, Salgadinho, Salgados;Não;https://www.ifood.com.br/delivery/igarassu-pe/aqui-tem-cheiro--sabor--espetinho-salgadinho-salgados-inhama/71f1fb5a-5453-4294-9903-5ffe0e3d86ab;igarassu-pe;5.0;Lanches;2.1 km;45-55 min;R$ 4,99
Home Burger;Não;https://www.ifood.com.br/delivery/igarassu-pe/home-burger-ana-de-albuquerque/cb2919ec-2c77-4be1-b00f-3f611b146e37;igarassu-pe;4.7;Lanches;2.2 km;34-44 min;R$ 3,00
Pizzaria Sensacao;Não;https://www.ifood.com.br/delivery/igarassu-pe/pizzaria-sensacao-saramandaia/165f94bf-6e6c-47ca-b76c-de23c51caf20;igarassu-pe;4.9;Pizza;2.3 km;80-90 min;R$ 6,00
Kelly Restaurante;Não;https://www.ifood.com.br/delivery/igarassu-pe/kelly-restaurante-posto-de-monta/2d0c98e1-beaf-4330-8816-bdf837befa5b;igarassu-pe;4.7;Brasileira;2.3 km;50-60 min;R$ 7,00
Presidente Burguer;Não;https://www.ifood.com.br/delivery/igarassu-pe/presidente-burguer-saramandaia/c159bba9-e60f-4f16-af69-88e26f319870;igarassu-pe;4.8;Lanches;2.5 km;30-40 min;R$ 8,00
Fanatico' S Hambúrguer & Pizza;Não;https://www.ifood.com.br/delivery/igarassu-pe/fanatico-s-hamburguer--pizza-saramandaia/607d55c6-9a3d-434d-80d8-e57d35919276;igarassu-pe;4.4;Pizza;2.7 km;44-54 min;R$ 4,99
Doce Morena;Não;https://www.ifood.com.br/delivery/igarassu-pe/doce-morena-saramandaia/a2626134-9d42-4178-98ce-1509fa4dbe61;igarassu-pe;Novidade;Doces & Bolos;2.7 km;43-53 min;R$ 5,99
Cheirinho de Vó Picolés Gourmet;Sim;https://www.ifood.com.br/delivery/igarassu-pe/cheirinho-de-vo-picoles-gourmet-saramandaia/c4f2e78b-1514-464c-9ecc-16a515de2c17;igarassu-pe;4.9;Sorvetes;2.8 km;36-46 min;R$ 5,99
Rogerio Pizza's;Não;https://www.ifood.com.br/delivery/abreu-e-lima-pe/rogerio-pizzas-desterro/7ab6e09b-8459-427b-aacd-78ec754dc41b;abreu-e-lima-pe;5.0;Pizza;2.9 km;50-60 min;R$ 7,00
Big Big II;Não;https://www.ifood.com.br/delivery/igarassu-pe/big-big-ii-saramandaia/eda7312f-1815-4d27-8c9c-d110391ab643;igarassu-pe;4.2;Lanches;3.0 km;41-51 min;R$ 5,99
Açai da Villa;Não;https://www.ifood.com.br/delivery/igarassu-pe/acai-da-villa-santa-rita/d5c7dd59-a6f3-4b92-9fa8-9142adaaed4b;igarassu-pe;4.9;Açaí;3.1 km;50-60 min;R$ 7,00
Pizzaria do Grau;Não;https://www.ifood.com.br/delivery/igarassu-pe/pizzaria-do-grau-igarassu/a1b7bd05-0c4a-4619-aac5-924a81b6f2df;igarassu-pe;4.0;Pizza;3.4 km;50-60 min;R$ 5,00
Rainha dos Espetos;Não;https://www.ifood.com.br/delivery/igarassu-pe/rainha-dos-espetos-agamenon-magalhaes/688d3701-4109-49f2-988e-9a29c5d727bd;igarassu-pe;4.2;Brasileira;3.5 km;60-70 min;R$ 8,00
La Casa de Pastel Hamburgueria & Açaí;Não;https://www.ifood.com.br/delivery/igarassu-pe/la-casa-de-pastel-hamburgueria--acai-agamenon-magalhaes/5290caa2-7ef8-4a41-a940-5559cf73d609;igarassu-pe;Novidade;Lanches;3.5 km;55-65 min;R$ 8,99
Capital do Sabor;Não;https://www.ifood.com.br/delivery/igarassu-pe/capital-do-sabor-centro/0799a590-c3ff-435e-abbd-82c2c6764a9c;igarassu-pe;3.9;Pizza;3.6 km;60-70 min;Grátis
Fast Burger;Sim;https://www.ifood.com.br/delivery/igarassu-pe/fast-burger-agamenon-magalhaes/0a4ef71c-aa46-4d7c-90f0-ed0ac2cddbae;igarassu-pe;5.0;Lanches;3.8 km;60-70 min;R$ 5,00
Yoga Comida Japonesa Delivery;Não;https://www.ifood.com.br/delivery/abreu-e-lima-pe/yoga-comida-japonesa-delivery-alto-sao-miguel/b35ba8f1-4d25-42e5-9c05-bdb974dedab7;abreu-e-lima-pe;4.3;Japonesa;4.1 km;50-60 min;R$ 5,00
Japa Sette e Pizza Sette;Não;https://www.ifood.com.br/delivery/abreu-e-lima-pe/japa-sette-e-pizza-sette-centro/a9cb9d46-2180-476a-bd68-48bd4d148605;abreu-e-lima-pe;4.8;Variada;4.1 km;38-48 min;R$ 10,99
Stive Burger'rs;Não;https://www.ifood.com.br/delivery/igarassu-pe/stive-burgerrs-agamenon-magalhaes/967617a2-cc80-47a0-a415-3fa6d27b9811;igarassu-pe;4.9;Hambúrguer;4.2 km;54-64 min;R$ 9,99
Na Chapa Lanchonete;Não;https://www.ifood.com.br/delivery/igarassu-pe/na-chapa-lanchonete-agamenon-magalhaes/925cf89e-e91b-4b1d-b4ad-03e4083a7f85;igarassu-pe;Novidade;Lanches;4.2 km;80-90 min;R$ 12,00
Familia Eurico;Não;https://www.ifood.com.br/delivery/igarassu-pe/familia-eurico-centro/4775e626-1ecc-4061-b13a-a7723627ef40;igarassu-pe;4.5;Pizza;4.2 km;80-90 min;R$ 8,00
Nosso Boteco 1;Não;https://www.ifood.com.br/delivery/igarassu-pe/nosso-boteco-1-centro/f64a4eda-bb8c-435e-88f5-cd0fedb61652;igarassu-pe;4.1;Pizza;4.2 km;60-70 min;R$ 6,00
Coxinha no Pote;Não;https://www.ifood.com.br/delivery/igarassu-pe/coxinha-no-pote-centro/f65136c2-f02e-4a91-904c-a2ef00e9c876;igarassu-pe;4.8;Lanches;4.2 km;48-58 min;R$ 6,99
Pizzaria do Cheffe;Não;https://www.ifood.com.br/delivery/igarassu-pe/pizzaria-do-cheffe-centro/141ed7f0-7e53-43ac-86c6-825a09b57ad8;igarassu-pe;5.0;Pizza;4.3 km;45-55 min;R$ 7,99
Sr. Burguer - Shopping Igarassu;Não;https://www.ifood.com.br/delivery/igarassu-pe/sr-burguer---shopping-igarassu-centro/8d2679b6-2855-4f1d-8c6d-9ca3e3eb3a48;igarassu-pe;4.8;Hambúrguer;4.3 km;54-64 min;R$ 7,99
Nosso Boteco Igarassu;Não;https://www.ifood.com.br/delivery/igarassu-pe/nosso-boteco-igarassu-centro/3cfdb410-98ed-454a-bfcf-eb54ca1e4850;igarassu-pe;4.0;Brasileira;4.3 km;60-70 min;R$ 6,00
La Nave;Não;https://www.ifood.com.br/delivery/igarassu-pe/la-nave-centro/46dba41c-67de-44ca-9f5a-04f030534c17;igarassu-pe;4.5;Pizza;4.3 km;120-130 min;R$ 10,00
Nozomi Temakeria;Não;https://www.ifood.com.br/delivery/abreu-e-lima-pe/nozomi-temakeria-centro/c4239f41-5355-4ed2-a91f-7d99b70b08a7;abreu-e-lima-pe;4.7;Japonesa;4.3 km;70-80 min;Grátis
Requintt Pizzaria;Não;https://www.ifood.com.br/delivery/igarassu-pe/requintt-pizzaria-santo-inacio/98981b2e-0baf-425c-838e-dab335435567;igarassu-pe;4.9;Pizza;4.4 km;70-80 min;R$ 5,00
Neto Bebidas e Variedades - (Cupom R$10,00 Disponível na loja);Não;https://www.ifood.com.br/delivery/abreu-e-lima-pe/neto-bebidas-e-variedades---cupom-r1000-disponivel-na-loja-centro/a2f349b7-9556-4214-8346-7fdb67bdd95e;abreu-e-lima-pe;Novidade;Bebidas;4.4 km;46-56 min;R$ 11,99
Rei dos Sabores Abreu e Lima;Não;https://www.ifood.com.br/delivery/abreu-e-lima-pe/rei-dos-sabores-abreu-e-lima-centro/c1fd20d7-3e1c-4514-bba2-7db7a1d25096;abreu-e-lima-pe;4.5;Brasileira;4.5 km;55-65 min;R$ 8,99
Marmita - Sabores da Terra - Cupom de R$10;Não;https://www.ifood.com.br/delivery/abreu-e-lima-pe/marmita---sabores-da-terra---cupom-de-r10-centro/bd6754e2-a1c0-4ae8-a032-b30b3baef45e;abreu-e-lima-pe;3.6;Marmita;4.5 km;50-60 min;R$ 9,99
Donna Paty - Abreu e Lima;Não;https://www.ifood.com.br/delivery/abreu-e-lima-pe/donna-paty---abreu-e-lima-centro/d106eb49-a591-4d44-b30a-13caa48343dc;abreu-e-lima-pe;4.7;Lanches;4.5 km;45-55 min;R$ 9,00
Mr Mix Milk Shakes - Abreu e Lima;Não;https://www.ifood.com.br/delivery/abreu-e-lima-pe/mr-mix-milk-shakes---abreu-e-lima-centro/738cc394-f134-4b43-b145-1307b88fbb58;abreu-e-lima-pe;4.7;Sorvetes;4.6 km;32-42 min;R$ 6,99
Sarro’s;Não;https://www.ifood.com.br/delivery/abreu-e-lima-pe/sarros-planalto/c3624390-81de-4bfe-b329-e36f56b0589a;abreu-e-lima-pe;5.0;Lanches;4.6 km;40-50 min;R$ 11,99
Flalu Lanches.;Não;https://www.ifood.com.br/delivery/abreu-e-lima-pe/flalu-lanches-centro/1beee4d3-717a-4815-8cd2-7d583d3465b4;abreu-e-lima-pe;Novidade;Brasileira;4.6 km;38-48 min;R$ 11,49
Zushi;Não;https://www.ifood.com.br/delivery/abreu-e-lima-pe/zushi-centro/bb27436b-f32c-4b93-8613-808165fc9629;abreu-e-lima-pe;Novidade;Japonesa;4.7 km;50-60 min;Grátis
Boteco da Donna;Não;https://www.ifood.com.br/delivery/abreu-e-lima-pe/boteco-da-donna-centro/1c36b7e4-c0d7-431b-aadd-392bf84d4aee;abreu-e-lima-pe;4.5;Lanches;4.7 km;70-80 min;R$ 7,00
Coxinhas Du Chef;Não;https://www.ifood.com.br/delivery/abreu-e-lima-pe/coxinhas-du-chef-planalto/f8ab56e1-eaab-40d2-960e-b2b9114af904;abreu-e-lima-pe;4.9;Salgados;4.7 km;70-80 min;R$ 7,00
Golias Delivery;Não;https://www.ifood.com.br/delivery/igarassu-pe/golias-delivery-bela-vista/b85d638e-9e99-4b43-8477-3e31b76f1c89;igarassu-pe;4.9;Argentina;4.8 km;44-54 min;R$ 12,99
Caminho da Ilha;Não;https://www.ifood.com.br/delivery/igarassu-pe/caminho-da-ilha-centro/889f6b4b-f782-4fd0-b05e-e2d77a8ceb8d;igarassu-pe;4.7;Brasileira;4.9 km;70-80 min;R$ 7,00
Ki Tapioca Gourmet;Não;https://www.ifood.com.br/delivery/abreu-e-lima-pe/ki-tapioca-gourmet-centro/260ac7d4-7daa-4da9-96fd-bcc6e7cc3bbe;abreu-e-lima-pe;4.6;Brasileira;4.9 km;34-44 min;R$ 8,99
Marrom Glacê;Sim;https://www.ifood.com.br/delivery/recife-pe/marrom-glace-timbo/f45e0d17-f649-450f-9f11-0bb5937ea98f;recife-pe;4.7;Lanches;5.0 km;70-80 min;R$ 12,00
Pizzaria Italiana & Burgueria;Não;https://www.ifood.com.br/delivery/abreu-e-lima-pe/pizzaria-italiana--burgueria-timbo/c3d20380-6a6c-4328-ab4c-7032f9807d54;abreu-e-lima-pe;Novidade;Pizza;5.0 km;43-53 min;R$ 8,99
Pizzaria Italiana & Burgueria;Não;https://www.ifood.com.br/delivery/abreu-e-lima-pe/pizzaria-italiana--burgueria-timbo/c4c1ea36-2cea-4a34-80c9-b4a90ddefcbe;abreu-e-lima-pe;5.0;Pizza;5.0 km;52-62 min;R$ 11,99
Império dos Salgados;Sim;https://www.ifood.com.br/delivery/abreu-e-lima-pe/imperio-dos-salgados-timbo/f145d35f-396a-4be8-a669-31fde259ecf4;abreu-e-lima-pe;4.8;Salgados;5.1 km;47-57 min;R$ 10,99
Sabor Caseiro - Oficial;Não;https://www.ifood.com.br/delivery/abreu-e-lima-pe/sabor-caseiro---oficial-timbo/7ebf1daf-5ea8-402f-a671-80ddbcad2749;abreu-e-lima-pe;4.7;Brasileira;5.3 km;60-70 min;R$ 6,00
Santos Burguer;Não;https://www.ifood.com.br/delivery/abreu-e-lima-pe/santos-burguer-timbo/6c8faae7-d5bd-4cc4-94cf-84b2b15f777e;abreu-e-lima-pe;4.3;Lanches;5.3 km;59-69 min;R$ 9,00
Pizza do Chef;Não;https://www.ifood.com.br/delivery/abreu-e-lima-pe/pizza-do-chef-timbo/19fe6b4c-c19b-4e02-a0bf-326930f87d70;abreu-e-lima-pe;4.3;Pizza;5.4 km;45-55 min;Grátis
Pequena Flor Sorvetes & Gostosuras;Não;https://www.ifood.com.br/delivery/igarassu-pe/pequena-flor-sorvetes--gostosuras-sitio-dos-marcos/6e520d04-f3c2-4f1c-8fd2-5f5b75f64944;igarassu-pe;5.0;Sorvetes;5.4 km;53-63 min;R$ 11,99
D'geleia Gourmet (geladinhos Gourmet );Não;https://www.ifood.com.br/delivery/igarassu-pe/dgeleia-gourmet-geladinhos-gourmet--tabatinga/abae15ff-3f39-455b-88b5-b82156e88f1f;igarassu-pe;5.0;Doces & Bolos;5.7 km;48-58 min;R$ 12,99
Cantinho do Açaí;Não;https://www.ifood.com.br/delivery/abreu-e-lima-pe/cantinho-do-acai-caetes-i/230c5e67-c41a-42e0-b81e-f0abde0cd10c;abreu-e-lima-pe;4.9;Açaí;5.8 km;40-50 min;R$ 11,99
Cia do Pastel;Não;https://www.ifood.com.br/delivery/paulista-pe/cia-do-pastel-jaguaribe/0f2f95a3-6e13-44ee-811e-0626968a2359;paulista-pe;4.8;Pastel;5.9 km;45-55 min;R$ 8,99
Manhattan Oriental;Não;https://www.ifood.com.br/delivery/abreu-e-lima-pe/manhattan-oriental-caetes-i/065e1c67-2c42-4649-9bd3-fac37059b0f0;abreu-e-lima-pe;4.8;Japonesa;6.1 km;80-90 min;R$ 12,00
Artesanal Fordburger;Sim;https://www.ifood.com.br/delivery/igarassu-pe/artesanal-fordburger-vila-rural/26502625-292a-42f5-940e-f13fd43f708e;igarassu-pe;5.0;Hambúrguer;6.4 km;80-90 min;R$ 8,00
Lanche Mania;Não;https://www.ifood.com.br/delivery/paulista-pe/lanche-mania-artur-lundgren-ii/c3979b49-6af7-4b3a-bf1e-a4557f7fcd11;paulista-pe;5.0;Lanches;6.7 km;44-54 min;R$ 19,98
Sorvetes Frosty - Caetés;Sim;https://www.ifood.com.br/delivery/abreu-e-lima-pe/sorvetes-frosty---caetes-caetes-i/a045f15b-d8ec-4c5b-8d1e-115aab4ed840;abreu-e-lima-pe;5.0;Sorvetes;6.7 km;31-41 min;R$ 19,98
Senhor Batata;Não;https://www.ifood.com.br/delivery/abreu-e-lima-pe/senhor-batata-caetes-i/483bf29c-f4ac-4ca1-ac18-9303a8ee0e92;abreu-e-lima-pe;Novidade;Lanches;6.7 km;44-54 min;R$ 19,98
Mix Acaiteriia;Não;https://www.ifood.com.br/delivery/abreu-e-lima-pe/mix-acaiteriia-caetes-i/1f10edf0-0483-49fd-84d8-64ad3ee4beaa;abreu-e-lima-pe;4.9;Açaí;6.8 km;46-56 min;R$ 19,98
Ateliê de Doces;Não;https://www.ifood.com.br/delivery/abreu-e-lima-pe/atelie-de-doces-caetes-i/e72f4c3e-da84-4540-b4cf-1ceb544b1f02;abreu-e-lima-pe;Novidade;Doces & Bolos;7.0 km;62-72 min;R$ 19,98
Mundo Burguer;Não;https://www.ifood.com.br/delivery/abreu-e-lima-pe/mundo-burguer-caetes-i/510d6ef3-bfc2-46b0-8efb-e14e327e78b9;abreu-e-lima-pe;5.0;Lanches;7.0 km;40-50 min;R$ 19,98
Império do Açaí;Não;https://www.ifood.com.br/delivery/igarassu-pe/imperio-do-acai-alto-do-ceu/bc001622-2ad2-41fa-9433-42beeee0e8aa;igarassu-pe;Novidade;Açaí;7.0 km;50-60 min;R$ 7,00
Yakisoba da Anny;Não;https://www.ifood.com.br/delivery/paulista-pe/yakisoba-da-anny-artur-lundgren-ii/40b53bcd-038d-493d-8490-c7c016e29aab;paulista-pe;Novidade;Chinesa;7.2 km;50-60 min;R$ 19,98
Açaí do Paulista;Não;https://www.ifood.com.br/delivery/paulista-pe/acai-do-paulista-paratibe/0c17474f-0b8a-443f-985b-9db5eb7dcef9;paulista-pe;5.0;Açaí;7.2 km;39-49 min;R$ 17,48
Salgados do Gordinho & Pastelaria;Não;https://www.ifood.com.br/delivery/paulista-pe/salgados-do-gordinho--pastelaria-artur-lundgren-ii/0e46b67f-5a44-4894-b479-6edcf746d72c;paulista-pe;4.9;Salgados;7.3 km;81-91 min;R$ 19,98
Gd Acai Delivery;Não;https://www.ifood.com.br/delivery/paulista-pe/gd-acai-delivery-artur-lundgren-i/94330a25-d5a2-4ac3-9841-695c279085f3;paulista-pe;4.7;Açaí;7.5 km;60-70 min;R$ 8,00
Hambúrgueria Marvel;Sim;https://www.ifood.com.br/delivery/paulista-pe/hamburgueria-marvel-paratibe/276deef8-eaa3-4e00-b03a-2023996b83ee;paulista-pe;4.8;Lanches;7.6 km;80-90 min;R$ 6,00
Casa da Pizza;Não;https://www.ifood.com.br/delivery/paulista-pe/casa-da-pizza-artur-lundgren-i/d9b93de7-5cb1-4508-8ce2-2f653eace30c;paulista-pe;4.5;Pizza;7.7 km;47-57 min;R$ 22,99
Jhoowburguer;Não;https://www.ifood.com.br/delivery/paulista-pe/jhoowburguer-paratibe/f3e2faa3-1773-4b82-ab2e-e33279bda355;paulista-pe;4.9;Brasileira;7.8 km;46-56 min;R$ 18,98
Kisabor Sacolé Gourmet / Confeitaria;Sim;https://www.ifood.com.br/delivery/paulista-pe/kisabor-sacole-gourmet---confeitaria-paratibe/6d5a0a9c-1bd1-4250-8eab-a95a08d284c6;paulista-pe;5.0;Sorvetes;7.9 km;60-70 min;R$ 22,99
A Rainha da Coxinha;Não;https://www.ifood.com.br/delivery/paulista-pe/a-rainha-da-coxinha-nossa-senhora-da-conceicao/8bb2ca1a-163a-4465-a440-c5ede0edcec8;paulista-pe;Novidade;Brasileira;7.9 km;47-57 min;R$ 22,99
Marmitex;Sim;https://www.ifood.com.br/delivery/paulista-pe/marmitex-artur-lundgren-i/3b89112f-fa61-4f6a-8572-a7cadeb4d2c2;paulista-pe;4.7;Marmita;8.0 km;46-56 min;R$ 22,99
Nat's Pizzaria Delivery;Não;https://www.ifood.com.br/delivery/paulista-pe/nats-pizzaria-delivery-nossa-senhora-da-conceicao/e09394a0-9cc8-459c-bca0-cd12510b73d3;paulista-pe;Novidade;Pizza;8.1 km;120-130 min;R$ 20,00
Santore;Sim;https://www.ifood.com.br/delivery/paulista-pe/santore-paratibe/4a69a23b-ecc0-4d71-9445-b7595d7a2102;paulista-pe;4.8;Pizza;8.2 km;50-60 min;R$ 14,90
Delicias da Ane;Não;https://www.ifood.com.br/delivery/paulista-pe/delicias-da-ane-artur-lundgren-i/6c826b5b-c6c5-4d3e-a473-0e6972233a61;paulista-pe;-;Pizza;8.2 km;70-80 min;R$ 22,99
China X;Não;https://www.ifood.com.br/delivery/paulista-pe/china-x-paratibe/86138531-73c4-4d89-abe5-bf1f3fe27ea7;paulista-pe;4.7;Chinesa;8.2 km;54-64 min;R$ 22,99
Tapiocaria Sabor Divino;Não;https://www.ifood.com.br/delivery/paulista-pe/tapiocaria-sabor-divino-paratibe/cad7449c-c908-4bdf-a57f-4b0b00d7c07f;paulista-pe;Novidade;Saudável;8.2 km;46-56 min;R$ 22,99
Bom Doce Doce;Não;https://www.ifood.com.br/delivery/paulista-pe/bom-doce-doce-paratibe/86a71283-81d9-4fd8-af5a-812f4a2249a6;paulista-pe;5.0;Lanches;8.3 km;46-56 min;R$ 22,99
Açai Pedro Copão;Não;https://www.ifood.com.br/delivery/paulista-pe/acai-pedro-copao-nossa-senhora-da-conceicao/78f92b30-4e3d-4ee7-a086-f19031701f11;paulista-pe;Novidade;Lanches;8.3 km;35-45 min;R$ 24,99
Energia 1000 Burguer / Açai;Não;https://www.ifood.com.br/delivery/paulista-pe/energia-1000-burguer---acai-paratibe/4f2422a0-c4a1-4e30-9ef2-dd4cb20a0c71;paulista-pe;4.2;Lanches;8.3 km;70-80 min;Grátis
Barão Burguer;Não;https://www.ifood.com.br/delivery/paulista-pe/barao-burguer-artur-lundgren-i/8ab4960c-b42f-472a-812f-95eb14693a9c;paulista-pe;4.9;Lanches;8.3 km;43-53 min;R$ 22,99
Brownie by Santos;Não;https://www.ifood.com.br/delivery/paulista-pe/brownie-by-santos-centro/38b2239f-253f-4669-aae1-72aa00a5772d;paulista-pe;4.3;Doces & Bolos;8.5 km;40-50 min;R$ 19,98
Docevida Lanches;Não;https://www.ifood.com.br/delivery/paulista-pe/docevida-lanches-pau-amarelo/777c5db3-096e-4205-843f-9ea7d1d7d52b;paulista-pe;Novidade;Brasileira;8.5 km;46-56 min;R$ 20,99
Maraka Burguer (north Way Shopping);Não;https://www.ifood.com.br/delivery/paulista-pe/maraka-burguer-north-way-shopping-centro/f50c559e-ccfb-4195-9801-cfd4f82228e6;paulista-pe;5.0;Lanches;8.6 km;51-61 min;R$ 24,99
Cia dos Churros;Não;https://www.ifood.com.br/delivery/paulista--pe/cia-dos-churros-centro/3f1296f2-2192-4fac-b799-9b12bd7b2b31;paulista--pe;4.8;Doces & Bolos;8.6 km;51-61 min;R$ 24,99
Chiquinho Sorvetes - Paulista 01;Não;https://www.ifood.com.br/delivery/paulista-pe/chiquinho-sorvetes---paulista-01-centro/3fc5d58b-1779-4f82-af72-47f38afc5ca4;paulista-pe;4.6;Sorvetes;8.6 km;45-55 min;R$ 24,99
Lefu Restaurante;Não;https://www.ifood.com.br/delivery/paulista-pe/lefu-restaurante-centro/09d5b2d8-193f-46c9-99be-9564afe7b90a;paulista-pe;4.5;Brasileira;8.6 km;56-66 min;R$ 24,99
Fritos: Só no Exagero;Não;https://www.ifood.com.br/delivery/paulista-pe/fritos-so-no-exagero-paratibe/87bcd88a-0cb8-486f-9c5e-d463a9f43284;paulista-pe;4.8;Salgados;8.6 km;39-49 min;R$ 20,99
Açai Toda Hora;Não;https://www.ifood.com.br/delivery/paulista-pe/acai-toda-hora-paratibe/50634f01-6409-422e-b350-64bfea58142f;paulista-pe;4.6;Açaí;8.6 km;44-54 min;R$ 24,99
Paço Real - Norte Way;Não;https://www.ifood.com.br/delivery/paulista-pe/paco-real---norte-way-centro/e2b392f1-807f-4ca7-85ea-d13d8b3001cc;paulista-pe;4.4;Brasileira;8.6 km;72-82 min;R$ 24,99
Coxinha no Pote North Way Shopping;Não;https://www.ifood.com.br/delivery/recife-pe/coxinha-no-pote-north-way-shopping-centro/a821eee6-6f44-4709-935d-ecf4e3b49294;recife-pe;4.7;Lanches;8.6 km;54-64 min;R$ 24,99
Saladelli;Não;https://www.ifood.com.br/delivery/paulista-pe/saladelli-centro/648a0de8-f1a2-45bd-9bf0-6059f1b2806e;paulista-pe;4.8;Saudável;8.6 km;60-70 min;R$ 24,99
Giraffas North Way;Não;https://www.ifood.com.br/delivery/paulista-pe/giraffas-north-way-centro/b21da77b-79ee-487d-a018-22796c534cd2;paulista-pe;4.6;Brasileira;8.6 km;83-93 min;R$ 24,99
Pizzeto - Norte Way;Não;https://www.ifood.com.br/delivery/paulista-pe/pizzeto---norte-way-centro/9de23814-88e5-4c21-8063-7fcf2dcc9ba7;paulista-pe;4.6;Pizza;8.6 km;73-83 min;R$ 24,99
Paço Oriente - Norte Way;Não;https://www.ifood.com.br/delivery/paulista-pe/paco-oriente---norte-way-centro/e4d55b26-6cf4-46c0-bd65-630b2f3995b9;paulista-pe;4.3;Japonesa;8.6 km;74-84 min;R$ 24,99
Saffari Marmitas - Paulista;Não;https://www.ifood.com.br/delivery/paulista-pe/saffari-marmitas---paulista-centro/ebe88eb8-afad-46a0-9c63-70d3e3607ac7;paulista-pe;4.7;Marmita;8.6 km;76-86 min;R$ 24,99
Pizzaria Atlântico Paulista;Não;https://www.ifood.com.br/delivery/paulista-pe/pizzaria-atlantico-paulista-centro/08d89c7a-2768-4d96-a3c3-dd0f52486359;paulista-pe;4.8;Pizza;8.7 km;57-67 min;R$ 24,99
Atlântico Burger - Paulista;Não;https://www.ifood.com.br/delivery/paulista-pe/atlantico-burger---paulista-centro/affe13dc-5d3d-4a42-9af6-e30da10ca9d9;paulista-pe;4.9;Lanches;8.7 km;71-81 min;R$ 24,99
Marinana Doces / Picolé Gourmet ;Não;https://www.ifood.com.br/delivery/paulista-pe/marinana-doces---picole-gourmet-pau-amarelo/a638b6ec-37ee-4004-82bc-fd6fd9efb9fb;paulista-pe;-;Doces & Bolos;8.7 km;71-81 min;R$ 24,99
Pizzaria da Glaubia;Não;https://www.ifood.com.br/delivery/paulista-pe/pizzaria-da-glaubia-pau-amarelo/85ffa7e2-c82c-40dd-a1e0-3464d2429340;paulista-pe;Novidade;Marmita;8.7 km;47-57 min;R$ 24,99
Gabi Refeições;Não;https://www.ifood.com.br/delivery/paulista-pe/gabi-refeicoes-nossa-senhora-do-o/073f4d48-8773-4220-81e8-059119dd1d36;paulista-pe;4.2;Brasileira;8.8 km;45-55 min;R$ 24,99
Adocei_sim;Não;https://www.ifood.com.br/delivery/paulista-pe/adoceisim-pau-amarelo/9ff23c15-e6e5-4404-822a-5e0e3ab08f03;paulista-pe;4.5;Doces & Bolos;8.8 km;51-61 min;R$ 24,99
Magno Pizza;Não;https://www.ifood.com.br/delivery/paulista-pe/magno-pizza-nobre/36588519-ed99-46aa-990a-77459c93e1c8;paulista-pe;Novidade;Pizza;8.9 km;42-52 min;R$ 24,99
Cantinho da Maria;Não;https://www.ifood.com.br/delivery/paulista-pe/cantinho-da-maria-pau-amarelo/b52d496b-d1de-4b4c-9fe8-2f405ce64f22;paulista-pe;4.2;Brasileira;8.9 km;47-57 min;R$ 24,99
Saladacom;Não;https://www.ifood.com.br/delivery/paulista-pe/saladacom-pau-amarelo/c817d656-4f65-4ec6-a5c4-c216ef47f0ba;paulista-pe;2.5;Saudável;8.9 km;49-59 min;R$ 24,99
Cabral's Lanches e Pizzaria;Não;https://www.ifood.com.br/delivery/paulista-pe/cabrals-lanches-e-pizzaria-maranguape-ii/316573a5-491d-4a25-92d1-a3b37ef172fc;paulista-pe;4.7;Lanches;8.9 km;49-59 min;R$ 24,99
Coxinharia e Temakeria Ladislau;Não;https://www.ifood.com.br/delivery/paulista-pe/coxinharia-e-temakeria-ladislau-maranguape-ii/a1974c68-c3b9-47ad-a64d-cd46e3e4381b;paulista-pe;4.8;Brasileira;9.0 km;47-57 min;R$ 24,99
Yakissoba Delivery;Não;https://www.ifood.com.br/delivery/paulista-pe/yakissoba-delivery-maranguape-ii/a396c296-0bd9-4e35-b942-a84615f99a5b;paulista-pe;3.1;Chinesa;9.0 km;54-64 min;R$ 21,99
Tuba Mix;Não;https://www.ifood.com.br/delivery/paulista-pe/tuba-mix-aurora/b55b0d21-c758-4bde-8374-5097584171be;paulista-pe;5.0;Hambúrguer;9.1 km;45-55 min;R$ 24,99
Maraka Burguer (jardim Paulista);Não;https://www.ifood.com.br/delivery/paulista-pe/maraka-burguer-jardim-paulista-jardim-paulista/5eb7b3ba-ebdd-4378-98c3-2a25ff1a5356;paulista-pe;4.8;Lanches;9.1 km;45-55 min;R$ 24,99
A&F Food Delivery ;Não;https://www.ifood.com.br/delivery/paulista-pe/af-food-delivery-nobre/08e901e9-e5ca-42ac-a382-4135e27ab0cd;paulista-pe;Novidade;Lanches;9.1 km;90-100 min;R$ 9,00
Dom Pastelitto Restaurante e Petiscaria;Não;https://www.ifood.com.br/delivery/paulista-pe/dom-pastelitto-restaurante-e-petiscaria-pau-amarelo/05955a92-1992-45bc-832d-9759f1b580fd;paulista-pe;Novidade;Pastel;9.2 km;49-59 min;R$ 21,99
Pizzaria Barriga Cheia;Não;https://www.ifood.com.br/delivery/paulista-pe/pizzaria-barriga-cheia-nossa-senhora-do-o/4fbda962-9622-4bdd-b30b-1d8835b3cc31;paulista-pe;Novidade;Pizza;9.2 km;40-50 min;R$ 24,99
Prime Pizza;Não;https://www.ifood.com.br/delivery/paulista-pe/prime-pizza-centro/a2d49d89-88a3-48cf-a4fc-3b51e74b9b6b;paulista-pe;Novidade;Pizza;9.2 km;45-55 min;R$ 24,99
Encanto Gelado;Não;https://www.ifood.com.br/delivery/paulista-pe/encanto-gelado-maranguape-ii/374c5961-2ddc-42c1-90ba-240d19381dc2;paulista-pe;Novidade;Sorvetes;9.2 km;49-59 min;R$ 21,99
Bakana’s Sorvetes e Sanduiches Paulista ;Não;https://www.ifood.com.br/delivery/paulista-pe/bakanas-sorvetes-e-sanduiches-paulista-jardim-paulista/73015e8d-9316-4376-944e-840a14d9bbf7;paulista-pe;3.3;Lanches;9.2 km;50-60 min;R$ 24,99
Pizzaria do Dogão;Não;https://www.ifood.com.br/delivery/paulista-pe/pizzaria-do-dogao-jardim-paulista/b0be07d7-fee8-41dd-b7f4-b797321863d1;paulista-pe;4.5;Pizza;9.2 km;56-66 min;R$ 24,99
Adriano Petiscaria;Não;https://www.ifood.com.br/delivery/paulista-pe/adriano-petiscaria-pau-amarelo/e17242f7-d6d7-4b71-a011-b13ef31485cf;paulista-pe;Novidade;Lanches;9.3 km;50-60 min;R$ 24,99
Subway Paulista;Não;https://www.ifood.com.br/delivery/paulista-pe/subway-paulista-nobre/4831670f-f894-4454-8454-76939f410fe8;paulista-pe;4.7;Lanches;9.3 km;38-48 min;R$ 24,99
Açaí Ponto de Parada;Não;https://www.ifood.com.br/delivery/paulista-pe/acai-ponto-de-parada-jardim-paulista/67c12686-854d-4b12-9a4f-f59f6278bcdf;paulista-pe;3.6;Açaí;9.3 km;54-64 min;R$ 24,99
World Açaiteria;Não;https://www.ifood.com.br/delivery/paulista-pe/world-acaiteria-nobre/884769b0-1d51-4637-bb2b-844edddd303a;paulista-pe;4.5;Açaí;9.3 km;52-62 min;R$ 24,99
Kony Lounge;Não;https://www.ifood.com.br/delivery/paulista-pe/kony-lounge-jardim-paulista/06dba5ca-e5ee-4c84-94d1-6f3f8b81c688;paulista-pe;4.9;Japonesa;9.3 km;43-53 min;R$ 24,99
Evellyn Doceria Café;Não;https://www.ifood.com.br/delivery/paulista-pe/evellyn-doceria-cafe-jardim-paulista/37cf89c3-3fc1-4434-9232-0a64139b7251;paulista-pe;5.0;Doces & Bolos;9.4 km;89-99 min;R$ 24,99
Cia Pastel;Não;https://www.ifood.com.br/delivery/paulista-pe/cia-pastel-jardim-paulista-baixo/f2943e9c-9999-490d-bbba-17183c265d18;paulista-pe;4.7;Pastel;9.4 km;43-53 min;R$ 24,99
Rodes Churrasco Grego;Não;https://www.ifood.com.br/delivery/paulista-pe/rodes-churrasco-grego-jardim-paulista/2c1927cf-ee96-478c-8f7d-f956e3c348f0;paulista-pe;4.7;Lanches;9.4 km;53-63 min;R$ 24,99
Ki Delícia Salgados;Não;https://www.ifood.com.br/delivery/paulista-pe/ki-delicia-salgados-pau-amarelo/8ec0d9f2-f724-41f0-9ff8-5d18837e0b1c;paulista-pe;4.8;Salgados;9.5 km;43-53 min;R$ 24,99
Krispys Lanches Gourmet;Não;https://www.ifood.com.br/delivery/paulista-pe/krispys-lanches-gourmet-jardim-paulista/f1d5b53f-f711-4e88-adad-eb90f85fab5c;paulista-pe;Novidade;Lanches;9.5 km;48-58 min;R$ 24,99
Tá na Chapa Burguer;Não;https://www.ifood.com.br/delivery/paulista-pe/ta-na-chapa-burguer-jardim-paulista/fca2255e-4cd0-4526-8a2c-e275d179fe3c;paulista-pe;Novidade;Hambúrguer;9.5 km;35-45 min;R$ 24,99
Punk keka's;Não;https://www.ifood.com.br/delivery/paulista-pe/punk-kekas-pau-amarelo/5e39d1b0-cf3e-4690-990b-a9fa125eb700;paulista-pe;Novidade;Panqueca;9.6 km;35-45 min;R$ 22,99
Castanha Acai;Não;https://www.ifood.com.br/delivery/paulista-pe/castanha-acai-pau-amarelo/f7d3d061-e38f-4911-a215-060a90fabc77;paulista-pe;Novidade;Açaí;9.6 km;76-86 min;R$ 24,99
Delicias de Gourmet 3m;Não;https://www.ifood.com.br/delivery/paulista-pe/delicias-de-gourmet-3m-jardim-paulista/b93eb849-0e4c-45a3-b2d4-59b31d5fa957;paulista-pe;Novidade;Sorvetes;9.6 km;76-86 min;R$ 24,99
Fit-me Marmitas Saudáveis;Não;https://www.ifood.com.br/delivery/paulista-pe/fit-me-marmitas-saudaveis-jardim-paulista/12861ccf-9542-40d1-a9d5-410d3e50caad;paulista-pe;Novidade;Marmita;9.7 km;76-86 min;R$ 24,99
Esther Variedades;Não;https://www.ifood.com.br/delivery/paulista-pe/esther-variedades-maranguape-i/7687c63d-718e-4bd6-b35f-e39811882cac;paulista-pe;Novidade;Doces & Bolos;9.8 km;96-106 min;R$ 24,99
Festolé;Não;https://www.ifood.com.br/delivery/paulista-pe/festole-maranguape-i/6c54414c-7613-4c1e-aaf1-6ef77bcc0755;paulista-pe;4.9;Sorvetes;9.8 km;76-86 min;R$ 24,99
F & G Hamburgueria e Petiscaria;Não;https://www.ifood.com.br/delivery/paulista-pe/f--g-hamburgueria-e-petiscaria-pau-amarelo/d509067f-6b50-435a-a117-7d72093d233d;paulista-pe;Novidade;Lanches;9.8 km;35-45 min;R$ 20,00
Bella Pizza;Não;https://www.ifood.com.br/delivery/paulista-pe/bella-pizza-janga/67ec314c-bf7c-461a-a475-e39ec7863e5f;paulista-pe;4.6;Pizza;9.9 km;76-86 min;R$ 24,99
Casa da Vó Ju;Não;https://www.ifood.com.br/delivery/paulista-pe/casa-da-vo-ju-vila-torres-galvao/425a5b8e-5f7e-4526-a4e6-ec8a51991fb8;paulista-pe;-;Brasileira;9.9 km;35-45 min;R$ 22,99
Brangus Hamburgueria Artesanal;Não;https://www.ifood.com.br/delivery/itapissuma-pe/brangus-hamburgueria-artesanal-centro/0ec66145-6fb7-4acb-b57e-5673fa937a97;itapissuma-pe;4.4;Lanches;10.1 km;90-100 min;R$ 12,00
TROPICAL COMEDORIA;Não;https://www.ifood.com.br/delivery/paulista-pe/tropical-comedoria-pau-amarelo/cd7eef44-7ea3-4867-baac-ce21bbad221b;paulista-pe;3.7;Brasileira;10.3 km;75-85 min;R$ 15,00
Delicias da Gabi Silva;Sim;https://www.ifood.com.br/delivery/igarassu-pe/delicias-da-gabi-silva-santa-maria/fe88dcd4-0768-4b76-a15d-e243e5af5c85;igarassu-pe;4.8;Marmita;1.8 km;Amanhã, entre 12h-12h;R$ 6,00
Vagalum's Naturalles;Não;https://www.ifood.com.br/delivery/igarassu-pe/vagalums-naturalles-rubina/5c362e30-5638-46d0-87ac-f2803f09ff02;igarassu-pe;4.8;Açaí;1.9 km;Amanhã, entre 12h-12h;R$ 4,99
Delicias da Vovo;Não;https://www.ifood.com.br/delivery/igarassu-pe/delicias-da-vovo-ana-de-albuquerque/b1c84141-e995-480c-8ee7-ec25f5189031;igarassu-pe;4.5;Brasileira;2.4 km;Amanhã, entre 11h-12h;R$ 3,00
Sabor Caseiro - Oficial Minecaseiras;Não;https://www.ifood.com.br/delivery/abreu-e-lima-pe/sabor-caseiro---oficial-minecaseiras-timbo/1c592e91-e79e-432a-996c-5e9b65c364c1;abreu-e-lima-pe;4.3;Brasileira;5.3 km;Amanhã, entre 09h-10h;R$ 9,00
Sabor Caseiro - Oficial - Abreu e Lima;Não;https://www.ifood.com.br/delivery/abreu-e-lima-pe/sabor-caseiro---oficial---abreu-e-lima-timbo/71d92a98-b4d6-4f8e-8061-60196f61bc98;abreu-e-lima-pe;4.4;Marmita;5.3 km;Amanhã, entre 09h-10h;Grátis
Fome de Massa;Não;https://www.ifood.com.br/delivery/abreu-e-lima-pe/fome-de-massa-timbo/d273f64d-165b-47fa-8d5a-55a147e17159;abreu-e-lima-pe;Novidade;Salgados;5.5 km;Amanhã, entre 11h-11h;R$ 11,99
O Rei da Carne de Sol;Não;https://www.ifood.com.br/delivery/abreu-e-lima-pe/o-rei-da-carne-de-sol-timbo/2f4123ea-54f2-4a06-a214-0feb73d3ac68;abreu-e-lima-pe;4.8;Brasileira;5.6 km;Amanhã, entre 11h-11h;R$ 13,99
Tempero da Vitoria;Não;https://www.ifood.com.br/delivery/paulista-pe/tempero-da-vitoria-artur-lundgren-ii/74966f00-d061-4e97-b1de-fae9faf972e8;paulista-pe;3.9;Brasileira;8.2 km;Amanhã, entre 11h-11h;R$ 14,00
Recanto Nobre;Não;https://www.ifood.com.br/delivery/paulista-pe/recanto-nobre-nossa-senhora-da-conceicao/1a30a992-403c-483e-844b-88bb61d64f22;paulista-pe;-;Brasileira;8.4 km;Amanhã, entre 09h-10h;R$ 22,99
Cebola Frita Express;Não;https://www.ifood.com.br/delivery/paulista-pe/cebola-frita-express-maranguape-ii/589121e8-2dcb-4c52-8219-ab81e0b0e721;paulista-pe;4.9;Marmita;9.1 km;Amanhã, entre 11h-12h;R$ 24,99
Confeitaria Ericka Andrade - Express;Não;https://www.ifood.com.br/delivery/paulista-pe/confeitaria-ericka-andrade---express-jardim-paulista/4c3f135a-9abf-483f-bb85-a3348e20d23b;paulista-pe;4.6;Doces & Bolos;9.3 km;Amanhã, entre 10h-11h;R$ 11,99
Brasa's Galetos;Não;https://www.ifood.com.br/delivery/paulista-pe/brasas-galetos-pau-amarelo/399adf62-edf3-4e2e-9ba9-7c312889669e;paulista-pe;4.3;Brasileira;9.7 km;Hoje, entre 21h-22h;R$ 22,00
Na Brasa Burgueer;Não;https://www.ifood.com.br/delivery/igarassu-pe/na-brasa-burgueer-cruz-de-reboucas/3df16027-84ef-409c-ac11-176dfad8784f;igarassu-pe;-;Lanches;0.1 km;Fechado;R$ 4,00
Bl Distribuidora;Não;https://www.ifood.com.br/delivery/igarassu-pe/bl-distribuidora-jardim-boa-sorte/8fa5a7d6-625b-4728-9c34-ee4bbccb2583;igarassu-pe;Novidade;Bebidas;0.1 km;Fechado;R$ 8,49
Restaurante Tafarel;Não;https://www.ifood.com.br/delivery/igarassu-pe/restaurante-tafarel-encanto-igarassu/ecba4850-0204-4b17-b0eb-d36dd7f9e67e;igarassu-pe;Novidade;Brasileira;0.2 km;Fechado;R$ 4,99
Ponto do Sabor;Não;https://www.ifood.com.br/delivery/igarassu-pe/ponto-do-sabor-jardim-boa-sorte/d7612dae-dea1-46e4-9024-1178afdf6fd1;igarassu-pe;Novidade;Lanches;0.3 km;Fechado;R$ 4,99
Acai Mais Variedades Kilma;Sim;https://www.ifood.com.br/delivery/igarassu-pe/acai-mais-variedades-kilma-cruz-do-reboucas/80b033fc-0246-4d5c-b61a-19c4fbe13d21;igarassu-pe;4.9;Açaí;0.3 km;Fechado;R$ 2,00
Club do Bolo;Não;https://www.ifood.com.br/delivery/igarassu-pe/club-do-bolo-santa-maria/e0292a19-a5db-42a1-9e4f-4e8c2c6cb0b9;igarassu-pe;-;Doces & Bolos;0.4 km;Fechado;R$ 3,99
Frango Frito Crocante;Não;https://www.ifood.com.br/delivery/igarassu-pe/frango-frito-crocante-cruz-do-reboucas/d202dff5-3915-4979-8eaa-6d481aca5d2c;igarassu-pe;Novidade;Brasileira;0.5 km;Fechado;Grátis
Delícia da Rúbia;Não;https://www.ifood.com.br/delivery/igarassu-pe/delicia-da-rubia-cruz-do-reboucas/a759fa25-4522-456a-9243-755e0f5ec810;igarassu-pe;Novidade;Lanches;0.5 km;Fechado;R$ 4,99
Garagem Nordestina;Não;https://www.ifood.com.br/delivery/igarassu-pe/garagem-nordestina-cruz-do-reboucas/dd0d9575-c10b-46e6-adc0-02c34574d807;igarassu-pe;4.8;Brasileira;0.5 km;Fechado;Grátis
Donana Doceria;Não;https://www.ifood.com.br/delivery/igarassu-pe/donana-doceria-umbura/0b6b1eed-f0ef-4284-a5b9-aa54e01f4c47;igarassu-pe;Novidade;Doces & Bolos;0.6 km;Fechado;R$ 2,00
Dindin Gourmet;Não;https://www.ifood.com.br/delivery/igarassu-pe/dindin-gourmet-umbura/d04c418f-e66c-4ce1-9e69-86f9d62a51fd;igarassu-pe;Novidade;Sorvetes;0.6 km;Fechado;R$ 4,00
Refeições da Nina;Não;https://www.ifood.com.br/delivery/igarassu-pe/refeicoes-da-nina-umbura/d76db037-7ab3-4715-8d97-48422c8c1fb7;igarassu-pe;Novidade;Brasileira;0.6 km;Fechado;R$ 5,00
Jj Camarão;Não;https://www.ifood.com.br/delivery/igarassu-pe/jj-camarao-cruz-do-reboucas/cd2b2a0f-baab-40e2-b81b-57f7e7f804c1;igarassu-pe;Novidade;Congelados;0.6 km;Fechado;R$ 4,99
Gomes Doces e Salgados;Não;https://www.ifood.com.br/delivery/igarassu-pe/gomes-doces-e-salgados-panco/a2cf66a2-46e9-4ad0-a1f9-f08445ffbdee;igarassu-pe;5.0;Salgados;0.6 km;Fechado;Grátis
Mundo Burguer;Não;https://www.ifood.com.br/delivery/igarassu-pe/mundo-burguer-umbura/614edcb1-3f20-4019-8084-366fed41646a;igarassu-pe;5.0;Lanches;0.7 km;Fechado;R$ 5,00
Delicias da Naty;Não;https://www.ifood.com.br/delivery/igarassu-pe/delicias-da-naty-cruz-do-reboucas/94c98f5e-410b-4ce6-b5ee-eadd8fcafe3f;igarassu-pe;Novidade;Salgados;0.7 km;Fechado;R$ 3,99
Pointe do Acai;Não;https://www.ifood.com.br/delivery/igarassu-pe/pointe-do-acai-triunfo/7d211bb4-ffdf-4b62-b77e-87607d6627d3;igarassu-pe;Novidade;Açaí;0.8 km;Fechado;R$ 3,99
Refeições;Não;https://www.ifood.com.br/delivery/igarassu-pe/refeicoes-cruz-do-reboucas/17f9825f-56a8-455c-83a2-ed327b4f3b65;igarassu-pe;Novidade;Brasileira;0.8 km;Fechado;R$ 5,00
Explosao de Doces;Não;https://www.ifood.com.br/delivery/igarassu-pe/explosao-de-doces-umbura/4ddb0791-bd71-4fd4-9a0d-1d92d5ccd966;igarassu-pe;Novidade;Doces & Bolos;0.8 km;Fechado;R$ 4,99
Oliver Lanche;Não;https://www.ifood.com.br/delivery/igarassu-pe/oliver-lanche-triunfo/271f207c-1ddd-4b72-bc82-ddd44dc7c655;igarassu-pe;Novidade;Açaí;0.8 km;Fechado;Grátis
J&G Açaí E Sorvetes;Não;https://www.ifood.com.br/delivery/igarassu-pe/jg-acai-e-sorvetes-umbura/7bb97a75-1f3a-4858-b53f-991acbcb33d9;igarassu-pe;-;Açaí;0.8 km;Fechado;R$ 4,00
Acaiteria Top;Não;https://www.ifood.com.br/delivery/igarassu-pe/acaiteria-top-cruz-do-reboucas/fb2c1824-21a2-4f43-b602-163f15371aa9;igarassu-pe;-;Açaí;0.8 km;Fechado;R$ 3,99
Bendito Lanche;Não;https://www.ifood.com.br/delivery/igarassu-pe/bendito-lanche-triunfo/7b7a2365-0dd2-43b8-b0cc-54a45701bea1;igarassu-pe;Novidade;Doces & Bolos;0.9 km;Fechado;R$ 3,99
Delicias da Maju;Não;https://www.ifood.com.br/delivery/igarassu-pe/delicias-da-maju-triunfo/67729780-47d0-4f36-9c88-b4f09776bd2e;igarassu-pe;Novidade;Brasileira;0.9 km;Fechado;R$ 5,49
Casa da Pizza;Não;https://www.ifood.com.br/delivery/igarassu-pe/casa-da-pizza-umbura/1d71f78d-78b5-43d7-b41d-2a383f0a6569;igarassu-pe;-;Pizza;0.9 km;Fechado;R$ 4,00
Boa Grelha;Não;https://www.ifood.com.br/delivery/igarassu-pe/boa-grelha-umbura/a7422638-74f9-479d-8a6f-81d7727e8785;igarassu-pe;-;Lanches;0.9 km;Fechado;R$ 4,00
Tô Frita! Batatas no Cone;Não;https://www.ifood.com.br/delivery/igarassu-pe/to-frita-batatas-no-cone-umbura/6d60e927-740d-46e1-a97d-56a097cf1dfd;igarassu-pe;4.3;Lanches;0.9 km;Fechado;R$ 4,99
Japaa25;Não;https://www.ifood.com.br/delivery/igarassu-pe/japaa25-cruz-de-reboucas/37f54359-7d08-4f16-bfc5-e43d6661bad0;igarassu-pe;-;Japonesa;0.9 km;Fechado;R$ 5,00
Barriga Cheia;Sim;https://www.ifood.com.br/delivery/igarassu-pe/barriga-cheia-encanto-igarassu/33e7cf2f-1e8e-43a4-b245-31769c10da45;igarassu-pe;4.9;Brasileira;1.0 km;Fechado;R$ 4,99
Japa 25;Não;https://www.ifood.com.br/delivery/igarassu-pe/japa-25-santa-maria/bf09a6e1-707d-4f6a-b25a-c21ea72ad307;igarassu-pe;Novidade;Japonesa;1.0 km;Fechado;R$ 5,00
Burger Três Irmãos;Não;https://www.ifood.com.br/delivery/igarassu-pe/burger-tres-irmaos-umbura/9ec177fd-ccca-46d0-8b7c-794f73afe843;igarassu-pe;-;Lanches;1.0 km;Fechado;R$ 4,00
Laricas Burguer;Não;https://www.ifood.com.br/delivery/igarassu-pe/laricas-burguer-monjope/ba320d63-a71e-4af2-be73-0db4888ac737;igarassu-pe;-;Lanches;1.0 km;Fechado;R$ 5,00
Pizzaria Varanda;Não;https://www.ifood.com.br/delivery/igarassu-pe/pizzaria-varanda-cruz-do-reboucas/c9ebd694-cab7-4700-b750-5c8c9a68b785;igarassu-pe;Novidade;Pizza;1.0 km;Fechado;R$ 6,00
Espetinho da Josi;Não;https://www.ifood.com.br/delivery/igarassu-pe/espetinho-da-josi-inhama/02b342bb-6954-4751-9f84-3e587941dfa4;igarassu-pe;Novidade;Carnes;1.0 km;Fechado;R$ 3,99
A & e Lanches e Sobremesas;Não;https://www.ifood.com.br/delivery/igarassu-pe/a--e-lanches-e-sobremesas-triunfo/0a91fb47-8468-4601-bd1b-e3d4e983e5f5;igarassu-pe;Novidade;Salgados;1.1 km;Fechado;R$ 3,99
Delicias da Gente - Cupom 10$;Não;https://www.ifood.com.br/delivery/igarassu-pe/delicias-da-gente---cupom-10-inhama/5a9ca929-8dd3-4402-82b8-62cbfa497741;igarassu-pe;Novidade;Lanches;1.1 km;Fechado;R$ 4,99
Pizzaria e Sorveteria 4 Irmãos;Não;https://www.ifood.com.br/delivery/igarassu-pe/pizzaria-e-sorveteria-4-irmaos-cruz-do-reboucas/aa53294f-ae30-47d7-9ec6-09a170c8442a;igarassu-pe;Novidade;Pizza;1.1 km;Fechado;R$ 4,00
Evinho Burger;Não;https://www.ifood.com.br/delivery/igarassu-pe/evinho-burger-encanto-igarassu/d28ef769-60ea-4055-b69b-165bcc500a94;igarassu-pe;Novidade;Lanches;1.1 km;Fechado;Grátis
Evinho Burger;Não;https://www.ifood.com.br/delivery/igarassu-pe/evinho-burger-encanto-igarassu/81c8e967-c2f0-4b83-8839-c2804aa0078b;igarassu-pe;Novidade;Lanches;1.1 km;Fechado;Grátis
Point dos Sabores Lanches Diversos;Não;https://www.ifood.com.br/delivery/igarassu-pe/point-dos-sabores-lanches-diversos-encanto-igarassu/ee0e9352-fac2-446d-a197-e75f47e31661;igarassu-pe;Novidade;Açaí;1.1 km;Fechado;R$ 5,99
Brotherpizzas;Não;https://www.ifood.com.br/delivery/igarassu-pe/brotherpizzas-santa-maria/b7c357a7-cb79-44b5-939f-15978dcbc8fe;igarassu-pe;Novidade;Pizza;1.1 km;Fechado;R$ 3,99
Lá de Casa Delivery;Não;https://www.ifood.com.br/delivery/igarassu-pe/la-de-casa-delivery-cruz-de-reboucas/b2299a0d-e01f-478c-bba2-f7230551cab6;igarassu-pe;4.7;Brasileira;1.2 km;Fechado;R$ 5,00
Jota Jota Petisco;Não;https://www.ifood.com.br/delivery/igarassu-pe/jota-jota-petisco-bonfim/306006d3-96d9-4ff1-9b79-73de7ca56d0f;igarassu-pe;Novidade;Lanches;1.2 km;Fechado;R$ 4,99
Restaurante Bom Gosto;Não;https://www.ifood.com.br/delivery/igarassu-pe/restaurante-bom-gosto-cruz-do-reboucas/1df483cb-793d-4496-b598-dc9d64022934;igarassu-pe;5.0;Marmita;1.2 km;Fechado;R$ 5,00
Acarajé Tem Dendê Visse?;Não;https://www.ifood.com.br/delivery/igarassu-pe/acaraje-tem-dende-visse--cruz-do-reboucas/2b920e90-0e46-4faf-bcf0-8fa92fc6767b;igarassu-pe;Novidade;Brasileira;1.2 km;Fechado;R$ 3,99
Galeto do Tony;Não;https://www.ifood.com.br/delivery/igarassu-pe/galeto-do-tony-cruz-do-reboucas/da835e3e-4325-4cce-b915-b5e528e071bd;igarassu-pe;4.5;Marmita;1.2 km;Fechado;R$ 2,99
Don Açúcar;Não;https://www.ifood.com.br/delivery/igarassu-pe/don-acucar-inhama/08610048-aa2b-43af-9cb6-a0efcf494412;igarassu-pe;Novidade;Doces & Bolos;1.2 km;Fechado;R$ 3,99
Bentô Cakes_igarassu;Não;https://www.ifood.com.br/delivery/igarassu-pe/bento-cakesigarassu-encanto-igarassu/942a5604-66b5-4d62-926c-1d42cec2d5c1;igarassu-pe;Novidade;Doces & Bolos;1.2 km;Fechado;R$ 3,99
Ponto da Batata;Não;https://www.ifood.com.br/delivery/igarassu-pe/ponto-da-batata-bonfim/eb4f1148-f307-4cb8-9844-ed9493abb2b5;igarassu-pe;Novidade;Salgados;1.5 km;Fechado;R$ 7,00
Leleo Pizza;Não;https://www.ifood.com.br/delivery/igarassu-pe/leleo-pizza-bonfim/91927b4e-13be-427b-99fa-6a527d8ea841;igarassu-pe;5.0;Pizza;1.5 km;Fechado;R$ 9,99
Deposito de Bebidas Lima;Não;https://www.ifood.com.br/delivery/igarassu-pe/deposito-de-bebidas-lima-bonfim/13e11356-9d6f-439e-87e9-017b39946aac;igarassu-pe;4.9;Bebidas;1.5 km;Fechado;R$ 9,49
Pense Pizza;Não;https://www.ifood.com.br/delivery/igarassu-pe/pense-pizza-inhama/4ba390e5-9c93-4de6-8cb0-5ff6734763d6;igarassu-pe;-;Pizza;1.6 km;Fechado;R$ 6,00
Ranubia Bolos e Lanche;Não;https://www.ifood.com.br/delivery/igarassu-pe/ranubia-bolos-e-lanche-umbura/feacb760-b9a9-47ec-8fe7-20827238627f;igarassu-pe;Novidade;Lanches;1.6 km;Fechado;R$ 5,99
Caseiros;Não;https://www.ifood.com.br/delivery/igarassu-pe/caseiros-cruz-de-reboucas/38e219b9-d941-4627-8025-4e11dab40a27;igarassu-pe;4.0;Brasileira;1.6 km;Fechado;R$ 3,99
Br Refeicoes- Cupom de R$10,00 Disponível;Não;https://www.ifood.com.br/delivery/igarassu-pe/br-refeicoes--cupom-de-r1000-disponivel-rubina/bc6304f0-f62a-4395-aa12-9ad3388de6d4;igarassu-pe;Novidade;Brasileira;1.7 km;Fechado;R$ 4,99
Rw Doceria e Lanches;Não;https://www.ifood.com.br/delivery/igarassu-pe/rw-doceria-e-lanches-inhama/2ad728d3-b7e5-4f59-85f4-6d112ae53d72;igarassu-pe;Novidade;Lanches;1.8 km;Fechado;R$ 4,00
Barboza Refeições;Não;https://www.ifood.com.br/delivery/igarassu-pe/barboza-refeicoes-rubina/d05b63fa-0f65-4f91-aca1-faf34b6b0010;igarassu-pe;Novidade;Brasileira;1.8 km;Fechado;R$ 4,99
Miss Lanches&sobremesas;Não;https://www.ifood.com.br/delivery/igarassu-pe/miss-lanchessobremesas-rubina/ee3f52ee-9da9-42e9-be03-108595d26134;igarassu-pe;Novidade;Lanches;1.9 km;Fechado;R$ 4,99
Peggiore Pizza;Não;https://www.ifood.com.br/delivery/igarassu-pe/peggiore-pizza-saramandaia/42ea839b-c03f-4cf4-94a2-0f67e70eacdf;igarassu-pe;-;Pizza;2.0 km;Fechado;R$ 4,00
Galeto do Valdir;Não;https://www.ifood.com.br/delivery/igarassu-pe/galeto-do-valdir-cruz-de-reboucas/b874608f-2e65-4591-802b-861a2a73f5d7;igarassu-pe;4.6;Brasileira;2.0 km;Fechado;R$ 6,00
Bora de Açaí!;Não;https://www.ifood.com.br/delivery/igarassu-pe/bora-de-acai-ana-de-albuquerque/6f351f7b-8520-406f-88e7-f7f82e5e3aba;igarassu-pe;-;Açaí;2.2 km;Fechado;R$ 3,00
Di sabor pizzaria;Não;https://www.ifood.com.br/delivery/igarassu-pe/di-sabor-pizzaria-santa-maria/0c020253-4b9e-4390-93b5-f8daf8cc7f03;igarassu-pe;-;Pizza;2.2 km;Fechado;R$ 5,00
Lg Lanches e Açaí;Não;https://www.ifood.com.br/delivery/igarassu-pe/lg-lanches-e-acai-saramandaia/5a53ce9e-4b60-4815-8d3d-ac7a32d6e03f;igarassu-pe;Novidade;Lanches;2.3 km;Fechado;R$ 4,99
Kony Temakeria e Sushi Bar;Não;https://www.ifood.com.br/delivery/igarassu-pe/kony-temakeria-e-sushi-bar-centro/98586410-eea0-4b01-b26b-d3d8c5c50ec5;igarassu-pe;-;Japonesa;2.4 km;Fechado;R$ 5,99
Blue Açaiteria & Comedoria;Não;https://www.ifood.com.br/delivery/igarassu-pe/blue-acaiteria--comedoria-saramandaia/255bc8e3-ca2e-48a4-9313-04e7a6f3757b;igarassu-pe;-;Salgados;2.5 km;Fechado;R$ 5,00
Master Burguer;Não;https://www.ifood.com.br/delivery/igarassu-pe/master-burguer-posto-de-monta/bd841109-25e8-4245-9fca-1e01d2c60462;igarassu-pe;-;Lanches;2.5 km;Fechado;R$ 10,00
Dias Sempre Doces;Não;https://www.ifood.com.br/delivery/igarassu-pe/dias-sempre-doces-posto-de-monta/64ce7845-fea4-44bf-bb38-b964559846ee;igarassu-pe;Novidade;Doces & Bolos;2.5 km;Fechado;R$ 5,99
Chama Petiscaria;Não;https://www.ifood.com.br/delivery/igarassu-pe/chama-petiscaria-centro/3b735930-0886-4abc-ab1a-e98ed2b65bbf;igarassu-pe;Novidade;Lanches;2.5 km;Fechado;R$ 4,99
Delivery Bom Sabor da Madrugada;Não;https://www.ifood.com.br/delivery/abreu-e-lima-pe/delivery-bom-sabor-da-madrugada-desterro/8fa870a2-4db5-4c51-9d9f-7914b85e34b4;abreu-e-lima-pe;Novidade;Carnes;2.7 km;Fechado;R$ 5,00
Caminho da Ilha - Aerodromo;Não;https://www.ifood.com.br/delivery/igarassu-pe/caminho-da-ilha---aerodromo-santa-rita/cb26336b-5c32-4439-89c6-ec43d6bde979;igarassu-pe;5.0;Brasileira;2.7 km;Fechado;R$ 5,99
Vila Gourmet - Coxinha Massa de Batata;Não;https://www.ifood.com.br/delivery/igarassu-pe/vila-gourmet---coxinha-massa-de-batata-areia-branca/262bb772-70aa-4fd3-8410-6f4ec9f7990e;igarassu-pe;Novidade;Brasileira;2.8 km;Fechado;R$ 6,99
Comidas Nordestina Pe;Não;https://www.ifood.com.br/delivery/igarassu-pe/comidas-nordestina-pe-saramandaia/32ce7cde-8231-4228-b7c4-d523d24e251c;igarassu-pe;-;Brasileira;2.8 km;Fechado;R$ 5,99
Kasa dos Doces;Não;https://www.ifood.com.br/delivery/igarassu-pe/kasa-dos-doces-posto-de-monta/0571646f-2214-4730-8a26-4e3029aadcb5;igarassu-pe;Novidade;Doces & Bolos;2.8 km;Fechado;R$ 4,99
Sacolé da Adri;Não;https://www.ifood.com.br/delivery/igarassu-pe/sacole-da-adri-saramandaia/37b7ad31-d82a-458e-b06e-9efe5b33dec0;igarassu-pe;5.0;Sorvetes;2.8 km;Fechado;R$ 5,99
Pitstopburguer;Não;https://www.ifood.com.br/delivery/abreu-e-lima-pe/pitstopburguer-matinha/bd53712c-8a28-4b14-b9b2-bc739e29bb2e;abreu-e-lima-pe;-;Lanches;2.8 km;Fechado;R$ 6,00
Brasa Burguer;Não;https://www.ifood.com.br/delivery/abreu-e-lima-pe/brasa-burguer-desterro-de-abreu-lima/40be9acf-db50-46f5-88e2-f377174f0503;abreu-e-lima-pe;-;Brasileira;2.9 km;Fechado;R$ 6,00
Pape Creppe.;Não;https://www.ifood.com.br/delivery/abreu-e-lima-pe/pape-creppe-matinha/18be9723-69be-42f0-94e3-0988642c7f24;abreu-e-lima-pe;-;Francesa;2.9 km;Fechado;R$ 3,00
Burger Nordestino;Não;https://www.ifood.com.br/delivery/abreu-e-lima-pe/burger-nordestino-desterro/5f3e43c7-3f7f-4e32-a538-9f182733340c;abreu-e-lima-pe;-;Lanches;2.9 km;Fechado;R$ 6,00
Borges Pizza;Não;https://www.ifood.com.br/delivery/abreu-e-lima-pe/borges-pizza-desterro/e9e83384-4150-4fc3-80e6-4dc97363eb8b;abreu-e-lima-pe;Novidade;Brasileira;3.0 km;Fechado;R$ 3,00
Jr Lanches;Não;https://www.ifood.com.br/delivery/abreu-e-lima-pe/jr-lanches-desterro/7a82d850-7ba8-44d3-911b-b9c628c2df60;abreu-e-lima-pe;-;Lanches;3.0 km;Fechado;R$ 9,00
R&j Refeições;Não;https://www.ifood.com.br/delivery/abreu-e-lima-pe/rj-refeicoes-desterro/2ce829d6-da45-4edd-a168-86be61a46102;abreu-e-lima-pe;Novidade;Marmita;3.0 km;Fechado;R$ 6,00
Panquecas Delivery;Não;https://www.ifood.com.br/delivery/abreu-e-lima-pe/panquecas-delivery-desterro/69792e2c-ab38-45ba-b9a2-301680b63cad;abreu-e-lima-pe;Novidade;Panqueca;3.0 km;Fechado;R$ 5,00
Cia do Sabor Igarassu;Não;https://www.ifood.com.br/delivery/igarassu-pe/cia-do-sabor-igarassu-agamenon-magalhaes/1bceac7e-811c-479c-8d88-3272f6b9687b;igarassu-pe;5.0;Lanches;3.0 km;Fechado;R$ 6,99
Raiz da Terra;Não;https://www.ifood.com.br/delivery/abreu-e-lima-pe/raiz-da-terra-boa-esperanca/4711ccfa-b289-4b4e-968d-4b531dd62ded;abreu-e-lima-pe;Novidade;Brasileira;3.1 km;Fechado;R$ 4,00
Baião  de Dois;Não;https://www.ifood.com.br/delivery/abreu-e-lima-pe/baiao--de-dois-desterro/0846edc3-9587-4d2d-b7a9-e63c668f5337;abreu-e-lima-pe;-;Brasileira;3.1 km;Fechado;R$ 5,00
Pimenta Rosa Delivery;Não;https://www.ifood.com.br/delivery/abreu-e-lima-pe/pimenta-rosa-delivery-desterro/166d55f8-d10b-4536-b9d4-713626e50cde;abreu-e-lima-pe;Novidade;Brasileira;3.1 km;Fechado;R$ 6,02
The Best Açaíteria & Hambúrgueria;Não;https://www.ifood.com.br/delivery/igarassu-pe/the-best-acaiteria--hamburgueria-sitio-historico/581af570-8425-49eb-9529-026d05235522;igarassu-pe;4.3;Lanches;3.1 km;Fechado;R$ 5,00
Liz Caseiros;Sim;https://www.ifood.com.br/delivery/igarassu-pe/liz-caseiros-agamenon-magalhaes/a0e17423-bb31-46e7-9333-32fed248a2ca;igarassu-pe;5.0;Doces & Bolos;3.1 km;Fechado;R$ 7,99
Culinária do Chef;Não;https://www.ifood.com.br/delivery/abreu-e-lima-pe/culinaria-do-chef-desterro/bce5f658-31f0-4089-8073-15b1f7000ca7;abreu-e-lima-pe;Novidade;Salgados;3.2 km;Fechado;Grátis
S.i.j Delivery;Não;https://www.ifood.com.br/delivery/abreu-e-lima-pe/sij-delivery-desterro/eb29d042-5e6e-4172-96b4-d8643991e286;abreu-e-lima-pe;-;Marmita;3.2 km;Fechado;Grátis
Rei Burguer;Não;https://www.ifood.com.br/delivery/igarassu-pe/rei-burguer-agamenon-magalhaes/c4215f14-6dfd-4544-b881-97c9d800a727;igarassu-pe;Novidade;Hambúrguer;3.2 km;Fechado;R$ 6,99
Comedoria É Massa;Não;https://www.ifood.com.br/delivery/igarassu-pe/comedoria-e-massa-centro/3cb97da0-6596-4003-a810-ae2c58a0a9b3;igarassu-pe;-;Italiana;3.3 km;Fechado;R$ 6,99
Açúcar e Afeto;Não;https://www.ifood.com.br/delivery/igarassu-pe/acucar-e-afeto-agamenon-magalhaes/64ec3be0-1543-4b87-839d-77762cb268b4;igarassu-pe;Novidade;Doces & Bolos;3.3 km;Fechado;R$ 5,99
Madrugão Burguer;Não;https://www.ifood.com.br/delivery/igarassu-pe/madrugao-burguer-agamenon-magalhaes/65e9518a-6ec0-41a0-a402-5f3b33d8dd6f;igarassu-pe;-;Lanches;3.3 km;Fechado;R$ 5,99
Delícias da Dani;Não;https://www.ifood.com.br/delivery/igarassu-pe/delicias-da-dani-agamenon-magalhaes/2393573c-9738-4961-bc12-653d91e00122;igarassu-pe;-;Doces & Bolos;3.3 km;Fechado;R$ 5,99
Pizzaria Rosas de Italia;Não;https://www.ifood.com.br/delivery/igarassu-pe/pizzaria-rosas-de-italia-santa-maria/c3059c35-937f-4226-b723-5c72752895aa;igarassu-pe;Novidade;Pizza;3.3 km;Fechado;R$ 8,50
Açai Delais;Não;https://www.ifood.com.br/delivery/abreu-e-lima-pe/acai-delais-fosfato/8c570553-28d0-4248-890f-e4247c8b0577;abreu-e-lima-pe;Novidade;Congelados;3.4 km;Fechado;R$ 6,99
Piratas Burguer Oficial;Não;https://www.ifood.com.br/delivery/abreu-e-lima-pe/piratas-burguer-oficial-matinha/5b32556f-61a8-41a8-b81b-5f734397ecaa;abreu-e-lima-pe;4.4;Lanches;3.5 km;Fechado;R$ 7,00
Doce Infância & Cia;Não;https://www.ifood.com.br/delivery/igarassu-pe/doce-infancia--cia-agamenon-magalhaes/11c8c4e3-691f-474b-9fa1-1e68643b2767;igarassu-pe;Novidade;Brasileira;3.5 km;Fechado;R$ 5,99
Guria Nordestina Confeitaria Gaúcha;Não;https://www.ifood.com.br/delivery/abreu-e-lima-pe/guria-nordestina-confeitaria-gaucha-matinha/14d5acc6-c9ee-4f58-917b-d43963ed8e46;abreu-e-lima-pe;Novidade;Doces & Bolos;3.5 km;Fechado;R$ 6,99
Ml Caseiros;Não;https://www.ifood.com.br/delivery/igarassu-pe/ml-caseiros-agamenon-magalhaes/38760c8e-8996-4392-9ad5-a08f3f39a779;igarassu-pe;Novidade;Brasileira;3.5 km;Fechado;R$ 6,99
Coxinhas Abreu;Não;https://www.ifood.com.br/delivery/abreu-e-lima-pe/coxinhas-abreu-matinha/9097a3f7-beca-4155-989e-b67903091cb7;abreu-e-lima-pe;-;Brasileira;3.5 km;Fechado;R$ 6,99
Cris Açaiteria;Não;https://www.ifood.com.br/delivery/igarassu-pe/cris-acaiteria-santa-rita/b3c5f34c-8ba4-4453-9e3e-b0123d51f321;igarassu-pe;Novidade;Açaí;3.5 km;Fechado;R$ 8,99
Jj Galetos;Não;https://www.ifood.com.br/delivery/abreu-e-lima-pe/jj-galetos-boa-esperanca/487de182-cf49-4bc4-9e7b-316e4c01580d;abreu-e-lima-pe;Novidade;Brasileira;3.5 km;Fechado;R$ 7,99
China Yakibium;Não;https://www.ifood.com.br/delivery/abreu-e-lima-pe/china-yakibium-desterro/a111ff44-adbd-4626-88f5-4de4b0f36c21;abreu-e-lima-pe;-;Chinesa;3.5 km;Fechado;Grátis
Luddy's Patisserie;Não;https://www.ifood.com.br/delivery/abreu-e-lima-pe/luddys-patisserie-boa-esperanca/d1eaa1a6-0f4e-45ac-a4dd-d8c98fa714b1;abreu-e-lima-pe;-;Doces & Bolos;3.5 km;Fechado;R$ 6,99
O Tempero Regional;Não;https://www.ifood.com.br/delivery/abreu-e-lima-pe/o-tempero-regional-matinha/7f99f6e5-1cc1-4d4f-b2d7-fa7e448a5014;abreu-e-lima-pe;Novidade;Brasileira;3.6 km;Fechado;R$ 7,00
Donna Irene Café;Não;https://www.ifood.com.br/delivery/igarassu-pe/donna-irene-cafe-centro/e749a126-ad8c-4862-8b4f-69d2b915281e;igarassu-pe;Novidade;Cafeteria;3.6 km;Fechado;R$ 6,00
Lone Açai;Não;https://www.ifood.com.br/delivery/abreu-e-lima-pe/lone-acai-matinha/9ec64ea6-9c69-4363-a1c2-5cbb48bf8866;abreu-e-lima-pe;-;Açaí;3.6 km;Fechado;R$ 6,00
Tapioca Raízes do Sertão;Não;https://www.ifood.com.br/delivery/abreu-e-lima-pe/tapioca-raizes-do-sertao-boa-esperanca/18493413-ed78-4e5f-9ec0-41a039be6580;abreu-e-lima-pe;-;Tapioca;3.7 km;Fechado;R$ 6,99
Fred's Pizza;Não;https://www.ifood.com.br/delivery/abreu-e-lima-pe/freds-pizza-alto-sao-miguel/d2d5f37a-b4c4-437d-baa1-447fdb26fe34;abreu-e-lima-pe;Novidade;Pizza;3.7 km;Fechado;R$ 7,00
Tavares Burguer;Não;https://www.ifood.com.br/delivery/igarassu-pe/tavares-burguer-agamenon-magalhaes/502b198a-3435-4ed6-8dcd-2f04b2f7c06a;igarassu-pe;4.9;Lanches;3.7 km;Fechado;R$ 5,00
Kit Festa Bem Casado Salgaderia e Doceria;Não;https://www.ifood.com.br/delivery/abreu-e-lima-pe/kit-festa-bem-casado-salgaderia-e-doceria-boa-esperanca/bafe48ca-3bb4-4a4e-b6ee-639a2e210928;abreu-e-lima-pe;Novidade;Salgados;3.8 km;Fechado;R$ 6,99
Sucfit;Não;https://www.ifood.com.br/delivery/abreu-e-lima-pe/sucfit-matinha/23ec4a81-5df1-4a80-b0fa-44803e27e36b;abreu-e-lima-pe;Novidade;Saudável;3.8 km;Fechado;R$ 7,00
Doce Cacau;Não;https://www.ifood.com.br/delivery/abreu-e-lima-pe/doce-cacau-matinha/d96b8719-b53c-4e71-afdd-49719397a897;abreu-e-lima-pe;Novidade;Doces & Bolos;3.8 km;Fechado;R$ 6,99
Le Doceria;Não;https://www.ifood.com.br/delivery/abreu-e-lima-pe/le-doceria-matinha/ea96575d-aaf9-4c9b-8ef8-495e313567fa;abreu-e-lima-pe;Novidade;Doces & Bolos;3.8 km;Fechado;R$ 6,99
Cheff Lanches;Não;https://www.ifood.com.br/delivery/igarassu-pe/cheff-lanches-centro/5699b884-c0d8-40bf-a1bd-6f329ec8fdbf;igarassu-pe;Novidade;Lanches;3.9 km;Fechado;R$ 8,99
Hamburgueria e Açaí da Mabelle;Não;https://www.ifood.com.br/delivery/igarassu-pe/hamburgueria-e-acai-da-mabelle-agamenon-magalhaes/8a970752-62e5-499f-9311-d9eab3c84a99;igarassu-pe;Novidade;Açaí;3.9 km;Fechado;R$ 5,00
Galeto do Neto;Não;https://www.ifood.com.br/delivery/igarassu-pe/galeto-do-neto-agamenon-magalhaes/484972ae-6571-4465-bf7a-c676fcee5ec1;igarassu-pe;5.0;Brasileira;4.0 km;Fechado;R$ 7,00
Big Lanches;Não;https://www.ifood.com.br/delivery/igarassu-pe/big-lanches-centro/d6b1b94d-0659-4ff3-a28b-e80fbe790f4e;igarassu-pe;4.8;Lanches;4.1 km;Fechado;R$ 8,99
Shirley Rocha Cakes;Não;https://www.ifood.com.br/delivery/igarassu-pe/shirley-rocha-cakes-agamenon-magalhaes/f1f434df-9a5f-4cad-a16b-16b3a1c760e6;igarassu-pe;Novidade;Doces & Bolos;4.1 km;Fechado;R$ 9,99
Espetinho do Irmão;Não;https://www.ifood.com.br/delivery/abreu-e-lima-pe/espetinho-do-irmao-alto-sao-miguel/e8cede67-e4f4-4778-ab67-7ac7fbc3addd;abreu-e-lima-pe;-;Brasileira;4.1 km;Fechado;R$ 10,99
Petiscaria São Miguel;Não;https://www.ifood.com.br/delivery/abreu-e-lima-pe/petiscaria-sao-miguel-alto-sao-miguel/4ee494aa-a3b1-4dc3-a4a3-e1910c4b6ceb;abreu-e-lima-pe;-;Brasileira;4.1 km;Fechado;R$ 10,00
Doce Sonho;Não;https://www.ifood.com.br/delivery/igarassu-pe/doce-sonho-agamenon-magalhaes/26349cb1-901b-4f19-880d-1f72c97aec0c;igarassu-pe;Novidade;Doces & Bolos;4.1 km;Fechado;R$ 8,99
A Casa do Pastel 103;Não;https://www.ifood.com.br/delivery/igarassu-pe/a-casa-do-pastel-103-santa-rita/78369ecd-6911-4fc9-a266-41e6bb54c6a9;igarassu-pe;Novidade;Pastel;4.1 km;Fechado;R$ 9,99
Loja de Conveniência Br Mania;Não;https://www.ifood.com.br/delivery/abreu-e-lima-pe/loja-de-conveniencia-br-mania-centro/2eaf2954-4f68-4025-8c86-27054fa45844;abreu-e-lima-pe;Novidade;Conveniência;4.1 km;Fechado;R$ 11,99
Açaí da Linda - o Arretado de Bom;Não;https://www.ifood.com.br/delivery/igarassu-pe/acai-da-linda---o-arretado-de-bom-agamenon-magalhaes/74a9d72e-6511-494d-a51e-be3fe7c83949;igarassu-pe;-;Lanches;4.1 km;Fechado;R$ 8,99
Cuscuz e Açai  Regional;Não;https://www.ifood.com.br/delivery/abreu-e-lima-pe/cuscuz-e-acai--regional-santa-rita/9bafc067-2bcb-4ee1-b423-03c004c79fc8;abreu-e-lima-pe;-;Açaí;4.1 km;Fechado;R$ 5,00
Rekantosushi Temakeria.;Não;https://www.ifood.com.br/delivery/igarassu-pe/rekantosushi-temakeria-agamenon-magalhaes/3b71b21e-346e-4af9-a02a-31e9f6fbebbc;igarassu-pe;3.7;Japonesa;4.1 km;Fechado;R$ 7,00
Gloriosa Temakeria;Não;https://www.ifood.com.br/delivery/igarassu-pe/gloriosa-temakeria-agamenon-magalhaes/48434025-a36d-428c-9dc7-4aa95bcc7392;igarassu-pe;4.6;Japonesa;4.1 km;Fechado;R$ 7,00
Petisco Caseiro;Não;https://www.ifood.com.br/delivery/igarassu-pe/petisco-caseiro-centro/4235e562-0001-437a-9e35-9da466fbc591;igarassu-pe;Novidade;Brasileira;4.2 km;Fechado;R$ 12,00
Point do Acarajé e Tapiocaria;Não;https://www.ifood.com.br/delivery/abreu-e-lima-pe/point-do-acaraje-e-tapiocaria-jardim-caetes/c72461a2-414d-4f23-9beb-afa5351712c7;abreu-e-lima-pe;Novidade;Africana;4.2 km;Fechado;R$ 8,99
Kommidas Delivery;Não;https://www.ifood.com.br/delivery/igarassu-pe/kommidas-delivery-agamenon-magalhaes/7a6c3c40-6c49-4022-badf-2018311c02fd;igarassu-pe;Novidade;Lanches;4.2 km;Fechado;R$ 8,00
Expresso Comida;Não;https://www.ifood.com.br/delivery/abreu-e-lima-pe/expresso-comida-jardim-caetes/00e78dc8-9dab-4f06-beec-67f37f8bef02;abreu-e-lima-pe;Novidade;Brasileira;4.3 km;Fechado;R$ 8,99
Mestre Chinês- Shopping Igarassu;Não;https://www.ifood.com.br/delivery/igarassu-pe/mestre-chines--shopping-igarassu-centro/68897060-76b2-4424-ad93-10b9fd6a2f2c;igarassu-pe;Novidade;Chinesa;4.3 km;Fechado;R$ 9,99
Doceria Celly Cavalcanti;Não;https://www.ifood.com.br/delivery/igarassu-pe/doceria-celly-cavalcanti-bela-vista/6c7bf900-81f2-45ba-8d51-8fe121882ca2;igarassu-pe;5.0;Doces & Bolos;4.3 km;Fechado;R$ 8,99
Almoço da Vera;Não;https://www.ifood.com.br/delivery/igarassu-pe/almoco-da-vera-agamenon-magalhaes/480080a3-bf6e-4773-8700-f4388fcee033;igarassu-pe;Novidade;Marmita;4.3 km;Fechado;R$ 9,99
Carlito Pizza e Lanches;Não;https://www.ifood.com.br/delivery/abreu-e-lima-pe/carlito-pizza-e-lanches-alto-sao-miguel/30412223-343e-4430-a5c9-7525be1c1df9;abreu-e-lima-pe;4.8;Brasileira;4.3 km;Fechado;R$ 7,00
Erivan Açaí - Cupom de 10,00 de Desconto Disponível;Não;https://www.ifood.com.br/delivery/abreu-e-lima-pe/erivan-acai---cupom-de-1000-de-desconto-disponivel-centro/01219431-5cdb-4211-b572-a767a7e82c95;abreu-e-lima-pe;Novidade;Açaí;4.3 km;Fechado;R$ 8,99
Willburguer Comedoria;Não;https://www.ifood.com.br/delivery/abreu-e-lima-pe/willburguer-comedoria-boa-esperanca/c14745cb-2faa-4a38-b8b4-2ccc69f7b09c;abreu-e-lima-pe;Novidade;Lanches;4.3 km;Fechado;R$ 6,00
No Forno;Não;https://www.ifood.com.br/delivery/abreu-e-lima-pe/no-forno-centro/9e419f64-1da1-4fbe-9608-426f1b4962c2;abreu-e-lima-pe;-;Pizza;4.4 km;Fechado;R$ 9,00
Dona Zezé;Não;https://www.ifood.com.br/delivery/igarassu-pe/dona-zeze-campina-de-feira/4e71aa33-1898-4fce-8989-56ddbe67b45c;igarassu-pe;4.5;Brasileira;4.5 km;Fechado;R$ 5,00
Delicie Ice Cream;Não;https://www.ifood.com.br/delivery/abreu-e-lima-pe/delicie-ice-cream-centro/0f810d65-d264-4d1d-9c8d-ac972f39850d;abreu-e-lima-pe;Novidade;Sorvetes;4.5 km;Fechado;R$ 7,99
Jr Hamburgueria;Não;https://www.ifood.com.br/delivery/igarassu-pe/jr-hamburgueria-campina-de-feira/f06bdff1-e90e-4412-85da-185352b4146e;igarassu-pe;Novidade;Hambúrguer;4.5 km;Fechado;R$ 10,99
Sorvetes Frosty - Abreu e Lima;Não;https://www.ifood.com.br/delivery/abreu-e-lima-pe/sorvetes-frosty---abreu-e-lima-centro/dbb6ed7d-9ad8-4321-b954-b068c59284d4;abreu-e-lima-pe;5.0;Sorvetes;4.5 km;Fechado;R$ 6,99
Amigas Açai;Não;https://www.ifood.com.br/delivery/abreu-e-lima-pe/amigas-acai-centro/81609309-9542-46ec-a2a5-5106f1dd3601;abreu-e-lima-pe;Novidade;Açaí;4.5 km;Fechado;Grátis
Ponto Bom Frios e Laticínios e Lanchonet;Não;https://www.ifood.com.br/delivery/abreu-e-lima-pe/ponto-bom-frios-e-laticinios-e-lanchonet-boa-esperanca/36018ef5-c3f2-4f7d-9c28-5ae85559b964;abreu-e-lima-pe;Novidade;Brasileira;4.5 km;Fechado;R$ 11,49
Rua do Lanche;Não;https://www.ifood.com.br/delivery/abreu-e-lima-pe/rua-do-lanche-centro/d7a5d4b3-54ba-4b02-827c-235295210e8f;abreu-e-lima-pe;Novidade;Lanches;4.5 km;Fechado;R$ 9,99
Moraes Burger;Não;https://www.ifood.com.br/delivery/abreu-e-lima-pe/moraes-burger-centro/4cb86899-0caf-4608-9a7b-e38b2a3cdc4d;abreu-e-lima-pe;-;Lanches;4.5 km;Fechado;R$ 4,99
Ti Burger;Não;https://www.ifood.com.br/delivery/abreu-e-lima-pe/ti-burger-centro/9c71e6a3-9e8e-441f-8fa2-4d6980b4edda;abreu-e-lima-pe;Novidade;Hambúrguer;4.5 km;Fechado;R$ 4,99
Mo'vida Salgados;Não;https://www.ifood.com.br/delivery/abreu-e-lima-pe/movida-salgados-centro/f7d3d433-7af7-48bb-80cd-0b10ead2228f;abreu-e-lima-pe;Novidade;Salgados;4.6 km;Fechado;R$ 9,99
Sushi Net;Não;https://www.ifood.com.br/delivery/abreu-e-lima-pe/sushi-net-planalto/db2dc0c6-e085-411d-807a-9e2dc955816a;abreu-e-lima-pe;-;Japonesa;4.6 km;Fechado;R$ 7,00
Delicias do Davi Cristiano;Não;https://www.ifood.com.br/delivery/igarassu-pe/delicias-do-davi-cristiano-agamenon-magalhaes/34d898e2-5ea1-4e27-b3f5-786a0316ce05;igarassu-pe;Novidade;Marmita;4.6 km;Fechado;R$ 10,99
Rieli Doceria;Não;https://www.ifood.com.br/delivery/abreu-e-lima-pe/rieli-doceria-centro/f1aa7e8d-9a94-4e7a-bf0e-889b06fbd408;abreu-e-lima-pe;Novidade;Doces & Bolos;4.6 km;Fechado;R$ 9,99
Restaurante Mixdog;Não;https://www.ifood.com.br/delivery/abreu-e-lima-pe/restaurante-mixdog-centro/d23f72e1-402a-4874-a5d6-65fd98e586be;abreu-e-lima-pe;-;Brasileira;4.7 km;Fechado;R$ 8,99
Maricota Burgueria e Pizzaria;Não;https://www.ifood.com.br/delivery/abreu-e-lima-pe/maricota-burgueria-e-pizzaria-centro/4cfdf70e-d90f-4273-b1f5-776c8573039d;abreu-e-lima-pe;-;Pizza;4.7 km;Fechado;R$ 7,00
Dignus Churros;Não;https://www.ifood.com.br/delivery/abreu-e-lima-pe/dignus-churros-planalto/f0ecf7d7-e217-4c1b-b812-38cbe71c3b1e;abreu-e-lima-pe;4.8;Lanches;4.7 km;Fechado;R$ 6,00
Amor Doce;Não;https://www.ifood.com.br/delivery/abreu-e-lima-pe/amor-doce-planalto/351655ea-e8cd-4170-8e01-722d67c5bd5b;abreu-e-lima-pe;Novidade;Doces & Bolos;4.7 km;Fechado;R$ 10,00
Mestre dos Salgados;Não;https://www.ifood.com.br/delivery/abreu-e-lima-pe/mestre-dos-salgados-centro/6a7c1aa6-4162-4eb5-b31a-96dbb7bc1368;abreu-e-lima-pe;-;Pizza;4.7 km;Fechado;R$ 8,99
Box China;Não;https://www.ifood.com.br/delivery/abreu-e-lima-pe/box-china-planalto/f100b98e-25ea-4e9d-aad0-2bdb99c5f2fc;abreu-e-lima-pe;5.0;Chinesa;4.7 km;Fechado;R$ 9,99
Sorvetes Bacana;Não;https://www.ifood.com.br/delivery/abreu-e-lima-pe/sorvetes-bacana-centro/1ea9487f-3781-47fd-8f08-c615d842f102;abreu-e-lima-pe;5.0;Lanches;4.8 km;Fechado;R$ 8,99
Megacrocks;Não;https://www.ifood.com.br/delivery/abreu-e-lima-pe/megacrocks-centro/fc04cffb-f71f-4807-b9fe-62156697af12;abreu-e-lima-pe;Novidade;Salgados;4.8 km;Fechado;R$ 8,99
Pink Doceria;Não;https://www.ifood.com.br/delivery/abreu-e-lima-pe/pink-doceria-timbo/53d9a6d0-d20b-4c67-9fae-4db01482577a;abreu-e-lima-pe;Novidade;Doces & Bolos;4.8 km;Fechado;R$ 11,49
Delicias da Dryca;Sim;https://www.ifood.com.br/delivery/igarassu-pe/delicias-da-dryca-bela-vista/47866dba-6f77-45e1-9e6a-4bc6d4a8c5a7;igarassu-pe;4.7;Lanches;4.8 km;Fechado;R$ 11,99
La Nave Restaurante;Não;https://www.ifood.com.br/delivery/igarassu-pe/la-nave-restaurante-centro/f5936329-b622-4be0-b658-7a2b1888e6f5;igarassu-pe;Novidade;Brasileira;4.8 km;Fechado;R$ 10,00
Açaí do Amor;Não;https://www.ifood.com.br/delivery/igarassu-pe/acai-do-amor-sitio-dos-marcos/ccef5922-b018-47dd-8ee9-544ad6299321;igarassu-pe;Novidade;Açaí;4.9 km;Fechado;R$ 10,99
Império do Pastel;Não;https://www.ifood.com.br/delivery/igarassu-pe/imperio-do-pastel-centro/e3b503dd-3378-4d5f-9523-5fbdc6dd1fa5;igarassu-pe;-;Pastel;4.9 km;Fechado;R$ 9,99
Mjss Doceria e Conveniência;Não;https://www.ifood.com.br/delivery/igarassu-pe/mjss-doceria-e-conveniencia-agamenon-magalhaes/396498a9-afe1-4b26-80cd-755e3edf4130;igarassu-pe;Novidade;Doces & Bolos;4.9 km;Fechado;R$ 10,99
Marrom Glacê;Não;https://www.ifood.com.br/delivery/abreu-e-lima-pe/marrom-glace-timbo/d01a6d5b-057b-49e8-9e80-95fc7afa44d1;abreu-e-lima-pe;Novidade;Lanches;5.0 km;Fechado;R$ 8,99
Jr Bebidas;Não;https://www.ifood.com.br/delivery/abreu-e-lima-pe/jr-bebidas-timbo/7ca25a3a-aa59-4fd2-83e6-c8c68f66b27d;abreu-e-lima-pe;Novidade;Bebidas;5.0 km;Fechado;R$ 12,49
Açaí Pioca Lanche e Janta;Não;https://www.ifood.com.br/delivery/abreu-e-lima-pe/acai-pioca-lanche-e-janta-timbo/16bedc7c-3210-438a-85f0-46ec61e61894;abreu-e-lima-pe;-;Lanches;5.0 km;Fechado;R$ 8,99
Tata Amazonas;Não;https://www.ifood.com.br/delivery/abreu-e-lima-pe/tata-amazonas-timbo/61ca6747-3e19-4b06-84f1-0da13f1fde95;abreu-e-lima-pe;-;Açaí;5.0 km;Fechado;R$ 11,99
Blue Burguer;Não;https://www.ifood.com.br/delivery/igarassu-pe/blue-burguer-centro/36d3a37d-7048-4ee7-ad85-0f4fb95dc99e;igarassu-pe;Novidade;Lanches;5.0 km;Fechado;R$ 10,00
The Family Pizza;Não;https://www.ifood.com.br/delivery/igarassu-pe/the-family-pizza-centro/62ed2a7e-74e3-47ea-b41f-ad853613eeca;igarassu-pe;Novidade;Pizza;5.0 km;Fechado;R$ 9,00
Estação Açaí;Não;https://www.ifood.com.br/delivery/igarassu-pe/estacao-acai-bela-vista/b7e083de-a199-4c26-be4f-9c76c4d595f1;igarassu-pe;Novidade;Açaí;5.0 km;Fechado;R$ 11,99
O Açaí do Amor;Não;https://www.ifood.com.br/delivery/igarassu-pe/o-acai-do-amor-sitio-dos-marcos/8ef1535e-c9a6-45b4-a3ba-58d8d14e88f1;igarassu-pe;4.8;Açaí;5.1 km;Fechado;R$ 11,99
Day Tavares Confeitaria;Não;https://www.ifood.com.br/delivery/abreu-e-lima-pe/day-tavares-confeitaria-planalto/5d575370-61f7-4604-8c2a-3268f86794db;abreu-e-lima-pe;Novidade;Doces & Bolos;5.1 km;Fechado;R$ 22,00
Dona Ione;Não;https://www.ifood.com.br/delivery/igarassu-pe/dona-ione-sitio-dos-marcos/b0e06b8e-aa40-486c-ad1a-c6aa3fd410f0;igarassu-pe;Novidade;Doces & Bolos;5.2 km;Fechado;R$ 11,99
Parmegiana;Não;https://www.ifood.com.br/delivery/abreu-e-lima-pe/parmegiana-timbo/955f3294-3c94-47c0-b526-3d59398ae0b7;abreu-e-lima-pe;Novidade;Brasileira;5.2 km;Fechado;R$ 11,99
Sabor Nordestino;Não;https://www.ifood.com.br/delivery/abreu-e-lima-pe/sabor-nordestino-timbo/a20081d8-4159-45d7-bbe9-5d1847eea730;abreu-e-lima-pe;3.9;Brasileira;5.3 km;Fechado;Grátis
Dallas Burguers;Sim;https://www.ifood.com.br/delivery/abreu-e-lima-pe/dallas-burguers-caetes-iii/c2a4418a-c91e-4f83-97f2-76a3d706187b;abreu-e-lima-pe;4.9;Lanches;5.3 km;Fechado;R$ 12,99
Doceria Pedacinhos do Céu;Não;https://www.ifood.com.br/delivery/abreu-e-lima-pe/doceria-pedacinhos-do-ceu-caetes-i/e625e578-be72-4c2b-87f2-9f8147efac91;abreu-e-lima-pe;Novidade;Doces & Bolos;5.3 km;Fechado;R$ 13,49
Acai da Tay;Não;https://www.ifood.com.br/delivery/igarassu-pe/acai-da-tay-bela-vista/4a6ffb78-1e93-460d-91e5-3d7b2fe5feba;igarassu-pe;Novidade;Açaí;5.5 km;Fechado;R$ 12,99
Marize Melo Confeitaria;Não;https://www.ifood.com.br/delivery/abreu-e-lima-pe/marize-melo-confeitaria-caetes-iii/945e62e9-4002-449d-9543-8409de908d70;abreu-e-lima-pe;Novidade;Doces & Bolos;5.6 km;Fechado;R$ 12,99
Tassiane Doceria;Não;https://www.ifood.com.br/delivery/abreu-e-lima-pe/tassiane-doceria-caetes-iii/48777a30-8658-4a32-a448-49138018255e;abreu-e-lima-pe;Novidade;Doces & Bolos;5.7 km;Fechado;R$ 11,99
Nilda Lanches;Não;https://www.ifood.com.br/delivery/abreu-e-lima-pe/nilda-lanches-caetes-i/589e4d34-99b2-4fce-8389-a8cd8c710d13;abreu-e-lima-pe;5.0;Lanches;5.7 km;Fechado;R$ 11,99
Restaurante Catarinense;Não;https://www.ifood.com.br/delivery/abreu-e-lima-pe/restaurante-catarinense-timbo/f156985a-bbac-4cb4-b0d4-cd55c3bf1cfa;abreu-e-lima-pe;4.6;Brasileira;5.8 km;Fechado;R$ 12,99
Sabor Crazy Trufas;Não;https://www.ifood.com.br/delivery/igarassu-pe/sabor-crazy-trufas-sitio-dos-marcos/bebe1dec-c094-4af7-82b7-244cf499374d;igarassu-pe;Novidade;Doces & Bolos;5.8 km;Fechado;R$ 14,49
Quentinha Edkassia;Não;https://www.ifood.com.br/delivery/abreu-e-lima-pe/quentinha-edkassia-caetes-i/875453b5-0566-430f-a391-29ac0b16ad01;abreu-e-lima-pe;Novidade;Brasileira;6.0 km;Fechado;R$ 14,99
Delicias da Faby;Não;https://www.ifood.com.br/delivery/abreu-e-lima-pe/delicias-da-faby-caetes-i/d49fc0f6-71c2-4d37-9760-9b101edeb1d0;abreu-e-lima-pe;Novidade;Doces & Bolos;6.0 km;Fechado;R$ 11,99
Cantinho do Açaí Oficial;Não;https://www.ifood.com.br/delivery/abreu-e-lima-pe/cantinho-do-acai-oficial-caetes-i/e822efa7-d200-48d3-bb07-f299ba160f31;abreu-e-lima-pe;Novidade;Açaí;6.0 km;Fechado;R$ 13,99
Zeus Hambugueria Gourmet;Não;https://www.ifood.com.br/delivery/abreu-e-lima-pe/zeus-hambugueria-gourmet-caetes-i/09125f40-d754-4ea3-9339-2633bd7f32f0;abreu-e-lima-pe;Novidade;Lanches;6.0 km;Fechado;R$ 15,00
Delícias da Beca;Não;https://www.ifood.com.br/delivery/igarassu-pe/delicias-da-beca-tabatinga/c2593fc7-618c-4c26-8835-2f219b63d16b;igarassu-pe;5.0;Lanches;6.1 km;Fechado;R$ 13,99
Garagem Burguer;Não;https://www.ifood.com.br/delivery/igarassu-pe/garagem-burguer-tabatinga/eb0f8f28-6641-452a-9f25-98cc0f800b59;igarassu-pe;Novidade;Lanches;6.1 km;Fechado;R$ 14,99
Famintos Food;Não;https://www.ifood.com.br/delivery/igarassu-pe/famintos-food-tabatinga/d68eab95-469c-49c6-8b73-2925d0169626;igarassu-pe;-;Lanches;6.1 km;Fechado;R$ 7,99
Dutra's Sweets;Não;https://www.ifood.com.br/delivery/abreu-e-lima-pe/dutras-sweets-caetes-i/56211799-772a-4e06-9e18-78febf329902;abreu-e-lima-pe;Novidade;Doces & Bolos;6.1 km;Fechado;R$ 12,99
Doce Doceria_mda;Não;https://www.ifood.com.br/delivery/igarassu-pe/doce-doceriamda-tabatinga/493e07a4-8b48-4205-b76b-f19b54989fb3;igarassu-pe;Novidade;Doces & Bolos;6.1 km;Fechado;R$ 13,99
Family Confeitaria;Não;https://www.ifood.com.br/delivery/abreu-e-lima-pe/family-confeitaria-caetes-i/8eae7aa1-36e6-438b-bfc2-76cf0712929a;abreu-e-lima-pe;Novidade;Doces & Bolos;6.2 km;Fechado;R$ 12,99
Spettalhoes Bar e Restaurante;Não;https://www.ifood.com.br/delivery/abreu-e-lima-pe/spettalhoes-bar-e-restaurante-caetes-i/d875910b-b194-47e7-8404-c08aa5d86de2;abreu-e-lima-pe;4.8;Brasileira;6.2 km;Fechado;R$ 13,99
Tia Cris Espetinhos & Comedoria;Não;https://www.ifood.com.br/delivery/igarassu-pe/tia-cris-espetinhos--comedoria-cortegada/0647e216-3b85-4c9a-bdda-b3ada77449b2;igarassu-pe;-;Brasileira;6.2 km;Fechado;R$ 19,98
Marmitaria;Não;https://www.ifood.com.br/delivery/abreu-e-lima-pe/marmitaria-caetes-i/31630552-befd-4f6a-b412-bbb77d5ce0c1;abreu-e-lima-pe;5.0;Brasileira;6.3 km;47-57 min;R$ 12,99
Dona Bela Confeitaria;Não;https://www.ifood.com.br/delivery/abreu-e-lima-pe/dona-bela-confeitaria-caetes-i/e0a30ab5-5ba2-41bc-9aa3-18c0b8de4a23;abreu-e-lima-pe;Novidade;Doces & Bolos;6.3 km;Fechado;R$ 13,99
Império Caetés;Não;https://www.ifood.com.br/delivery/abreu-e-lima-pe/imperio-caetes-caetes-i/1e9b9b63-730d-48eb-869a-7367f1d43e5e;abreu-e-lima-pe;Novidade;Conveniência;6.3 km;Fechado;R$ 15,49
Summer Acaiteria;Sim;https://www.ifood.com.br/delivery/abreu-e-lima-pe/summer-acaiteria-caetes-ii/df49d437-4af9-4120-a8d4-ffd3033af298;abreu-e-lima-pe;4.9;Açaí;6.4 km;Fechado;R$ 12,00
Caldeirao Arretado;Não;https://www.ifood.com.br/delivery/abreu-e-lima-pe/caldeirao-arretado-caetes-i/5fe5aa50-78a0-4bbb-8dfa-ebb13dfab6e4;abreu-e-lima-pe;Novidade;Brasileira;6.4 km;Fechado;R$ 9,00
Capitão Barca;Não;https://www.ifood.com.br/delivery/paulista-pe/capitao-barca-artur-lundgren-i/d347629d-d074-49ae-b7cc-def32091c415;paulista-pe;4.6;Lanches;6.5 km;Fechado;R$ 12,99
Summer Açaíteria Gourmet;Não;https://www.ifood.com.br/delivery/abreu-e-lima-pe/summer-acaiteria-gourmet-caetes-ii/9b117297-dd16-43fe-8283-9f1e9b69eff0;abreu-e-lima-pe;Novidade;Açaí;6.5 km;Fechado;R$ 12,00
Delicias da Viic;Sim;https://www.ifood.com.br/delivery/paulista-pe/delicias-da-viic-arthur-lundgren-ii/2d34fab7-ae7f-4e5e-9b11-ed413c246d5c;paulista-pe;4.9;Doces & Bolos;6.5 km;Fechado;R$ 17,98
Doces de Maria;Não;https://www.ifood.com.br/delivery/abreu-e-lima-pe/doces-de-maria-caetes-ii/30a08aba-14c3-45ad-a3cf-c32b1a2a0823;abreu-e-lima-pe;Novidade;Doces & Bolos;6.5 km;Fechado;R$ 19,98
Restaurante da Charque;Não;https://www.ifood.com.br/delivery/paulista-pe/restaurante-da-charque-artur-lundgren-ii/fc0b394d-a7fc-4613-97a8-c4de51a225cd;paulista-pe;4.6;Nordestina;6.6 km;Fechado;R$ 17,98
Thays Sweets Gourmet;Não;https://www.ifood.com.br/delivery/abreu-e-lima-pe/thays-sweets-gourmet-caetes-i/5c112f78-1a03-4b66-be08-76a5bcb5dc35;abreu-e-lima-pe;-;Doces & Bolos;6.6 km;Fechado;R$ 15,00
Erika Cake Design;Não;https://www.ifood.com.br/delivery/abreu-e-lima-pe/erika-cake-design-caetes-i/a1adb558-36c0-4b8b-b9bc-28431003a9aa;abreu-e-lima-pe;Novidade;Doces & Bolos;6.7 km;Fechado;R$ 19,98
Sales Burguer Açai;Não;https://www.ifood.com.br/delivery/paulista-pe/sales-burguer-acai-arthur-lundgren-ii/830aa8af-a5f9-4b58-96c0-d47151ead634;paulista-pe;-;Lanches;6.7 km;Fechado;R$ 19,98
Seu Cabeça;Não;https://www.ifood.com.br/delivery/abreu-e-lima-pe/seu-cabeca-caetes-ii/5c7c31db-d5a8-4540-b794-90d2fd6f065a;abreu-e-lima-pe;Novidade;Lanches;6.7 km;Fechado;R$ 19,98
Sr. Batata;Não;https://www.ifood.com.br/delivery/abreu-e-lima-pe/sr-batata-caetes-i/e837a88f-8991-47d8-a361-a055d601171e;abreu-e-lima-pe;Novidade;Lanches;6.7 km;Fechado;R$ 19,98
Sr. Batata;Não;https://www.ifood.com.br/delivery/abreu-e-lima-pe/sr-batata-caetes-i/50b46bcc-ceea-48c3-9fe6-f368027840b3;abreu-e-lima-pe;Novidade;Lanches;6.7 km;Fechado;R$ 19,98
Maraka Burguer (arthur Lundgren Ii);Não;https://www.ifood.com.br/delivery/paulista-pe/maraka-burguer-arthur-lundgren-ii-artur-lundgren-ii/0bf3b5f3-b005-4e0f-89ae-cda58d7c6c78;paulista-pe;-;Lanches;6.8 km;Fechado;R$ 19,98
Rei do Almoço;Não;https://www.ifood.com.br/delivery/abreu-e-lima-pe/rei-do-almoco-caetes-ii/7b24d6a5-0f69-47a5-80ef-1352df51df30;abreu-e-lima-pe;Novidade;Marmita;6.8 km;Fechado;R$ 19,98
Inbrasa Burguer;Não;https://www.ifood.com.br/delivery/abreu-e-lima-pe/inbrasa-burguer-caetes-i/8516a5fb-fd45-4f85-8f21-45bd48cb4f76;abreu-e-lima-pe;-;Hambúrguer;6.9 km;Fechado;R$ 19,98
Turma da Pizza;Não;https://www.ifood.com.br/delivery/abreu-e-lima-pe/turma-da-pizza-caetes-ii/c847fcf9-4227-4c28-89df-517e66d44a8b;abreu-e-lima-pe;Novidade;Pizza;6.9 km;Fechado;R$ 19,98
Carne Padrao;Não;https://www.ifood.com.br/delivery/abreu-e-lima-pe/carne-padrao-caetes-ii/fe1e8111-a707-4504-906c-33874f9c76c0;abreu-e-lima-pe;Novidade;Brasileira;7.0 km;Fechado;R$ 19,98
Burger Grill;Não;https://www.ifood.com.br/delivery/paulista-pe/burger-grill-artur-lundgren-ii/6e96e03b-ee8c-406c-aee9-a1e1cc8d415c;paulista-pe;Novidade;Lanches;7.0 km;Fechado;R$ 17,48
King batata's gourmet ;Não;https://www.ifood.com.br/delivery/abreu-e-lima-pe/king-batatas-gourmet-caetes-i/5d6bb7df-9429-4fe3-ace3-f66027121cfb;abreu-e-lima-pe;-;Lanches;7.1 km;Fechado;R$ 19,98
Dagoma Tapiocaria;Não;https://www.ifood.com.br/delivery/abreu-e-lima-pe/dagoma-tapiocaria-caetes-i/6114fbf4-9c08-4d22-bec8-7bb4758e0921;abreu-e-lima-pe;-;Lanches;7.1 km;Fechado;R$ 9,00
Acai Delicia;Não;https://www.ifood.com.br/delivery/paulista-pe/acai-delicia-arthur-lundgren-ii/dd980a97-c8dc-4521-8b32-50ba9242c6a3;paulista-pe;3.8;Açaí;7.1 km;Fechado;R$ 19,98
Vila Açaiteria;Não;https://www.ifood.com.br/delivery/abreu-e-lima-pe/vila-acaiteria-caetes-i/3fd06fb1-b666-4ff5-b1a0-b5d8e60a7018;abreu-e-lima-pe;-;Açaí;7.2 km;Fechado;R$ 19,98
Barraca das bugigangas ;Não;https://www.ifood.com.br/delivery/paulista-pe/barraca-das-bugigangas-artur-lundgren-ii/4c51e340-c004-4eb2-8247-e12f27a3f85d;paulista-pe;Novidade;Bebidas;7.2 km;Fechado;R$ 12,49
Top Burguer Açai;Não;https://www.ifood.com.br/delivery/paulista-pe/top-burguer-acai-arthur-lundgren-ii/35676cdc-a20b-40e3-90e6-65c6ef6ad37f;paulista-pe;Novidade;Lanches;7.3 km;Fechado;R$ 19,98
Burger081;Não;https://www.ifood.com.br/delivery/paulista-pe/burger081-artur-lundgren-ii/8ac36693-ddba-40e0-818f-3f760756d09a;paulista-pe;Novidade;Lanches;7.3 km;Fechado;R$ 19,98
Aroma & Sabor Café da Manhã e Lanches;Não;https://www.ifood.com.br/delivery/paulista-pe/aroma--sabor-cafe-da-manha-e-lanches-artur-lundgren-ii/24206a52-2a2e-4fb7-b2cb-670825d1e2b1;paulista-pe;Novidade;Salgados;7.3 km;Fechado;R$ 19,98
Nado's Bar;Não;https://www.ifood.com.br/delivery/paulista-pe/nados-bar-artur-lundgren-i/bc039180-4efb-493e-9316-95fb95e0af5c;paulista-pe;3.4;Brasileira;7.3 km;Fechado;R$ 19,98
Black Burguer;Não;https://www.ifood.com.br/delivery/abreu-e-lima-pe/black-burguer-caetes-ii/6df504c7-7d6e-4ef5-95aa-947b9a4f09ff;abreu-e-lima-pe;Novidade;Lanches;7.3 km;Fechado;R$ 19,98
MASSAS VULSINI;Não;https://www.ifood.com.br/delivery/paulista-pe/massas-vulsini-artur-lundgren-i/6eada5d3-623d-4989-928f-94772c40ec5e;paulista-pe;4.3;Italiana;7.4 km;Fechado;R$ 19,98
Cantinho dos Brander;Não;https://www.ifood.com.br/delivery/paulista-pe/cantinho-dos-brander-artur-lundgren-i/beea7ea8-7657-4656-a9ec-fc07f3ecb049;paulista-pe;Novidade;Lanches;7.5 km;Fechado;R$ 19,98
Flixgellatos;Não;https://www.ifood.com.br/delivery/paulista-pe/flixgellatos-artur-lundgren-ii/ad28e587-0e26-4168-99bd-a4b641d313ab;paulista-pe;Novidade;Sorvetes;7.5 km;Fechado;R$ 19,98
Doce Laranja Confeitaria;Não;https://www.ifood.com.br/delivery/paulista-pe/doce-laranja-confeitaria-artur-lundgren-ii/0724204f-960a-4492-854e-08be3e1aea07;paulista-pe;Novidade;Doces & Bolos;7.5 km;Fechado;R$ 22,99
Villa Burguer Paulista;Não;https://www.ifood.com.br/delivery/paulista-pe/villa-burguer-paulista-artur-lundgren-i/ec34c8cb-a684-45b4-a669-4c9beb22b08b;paulista-pe;Novidade;Lanches;7.5 km;Fechado;R$ 22,99
Salt Hamburgueria;Não;https://www.ifood.com.br/delivery/paulista-pe/salt-hamburgueria-artur-lundgren-i/2b188d80-79ee-4cb2-a91f-9cafad6f80e1;paulista-pe;Novidade;Lanches;7.6 km;Fechado;R$ 22,99
Milk Shake Mix Paulista;Não;https://www.ifood.com.br/delivery/paulista-pe/milk-shake-mix-paulista-paratibe/da5555dc-6857-416f-b5c4-49191c68707d;paulista-pe;-;Lanches;7.6 km;Fechado;R$ 22,99
Cristo Rei Mercearia e Lanches;Não;https://www.ifood.com.br/delivery/paulista-pe/cristo-rei-mercearia-e-lanches-nossa-senhora-da-conceicao/f3f744c6-06bf-4b9f-864b-2fb2e3d25bbb;paulista-pe;Novidade;Açaí;7.6 km;Fechado;R$ 22,99
Point do Açaí Lanchonete;Não;https://www.ifood.com.br/delivery/paulista-pe/point-do-acai-lanchonete-artur-lundgren-i/71088bf5-c03d-47f3-9cbb-e618f7e6b46b;paulista-pe;-;Açaí;7.6 km;Fechado;R$ 22,99
Delicias Food;Não;https://www.ifood.com.br/delivery/paulista-pe/delicias-food-artur-lundgren-i/25bac7d1-56a5-498e-84c3-1c589941670f;paulista-pe;Novidade;Brasileira;7.8 km;Fechado;R$ 22,99
Lili Pedrosa Confeitaria ;Não;https://www.ifood.com.br/delivery/paulista-pe/lili-pedrosa-confeitaria-nossa-senhora-da-conceicao/3e3018d6-4d5a-4ace-8569-514fda923106;paulista-pe;-;Doces & Bolos;7.8 km;Fechado;R$ 22,99
Rainhas do  Petisco;Não;https://www.ifood.com.br/delivery/paulista-pe/rainhas-do--petisco-nossa-senhora-da-conceicao/cf8a801f-2e1d-4f96-a7fd-23136f8e54dd;paulista-pe;Novidade;Carnes;7.8 km;Fechado;R$ 22,99
King Esfiha;Não;https://www.ifood.com.br/delivery/paulista-pe/king-esfiha-artur-lundgren-i/e8f844ce-8048-4ac4-a0e7-f3298b3bfbc7;paulista-pe;-;Árabe;7.8 km;Fechado;R$ 10,99
Delicias da Maria;Não;https://www.ifood.com.br/delivery/paulista-pe/delicias-da-maria-nossa-senhora-do-o/0cc07072-103a-4422-b10a-da13e7976b45;paulista-pe;Novidade;Doces & Bolos;7.8 km;Fechado;R$ 22,99
Burguer Mania;Não;https://www.ifood.com.br/delivery/paulista-pe/burguer-mania-paratibe/1479d71e-ea32-4047-a340-e9592e7c3a98;paulista-pe;Novidade;Lanches;7.9 km;Fechado;R$ 22,99
Mercearia e Depósito de Bebidas Empório;Não;https://www.ifood.com.br/delivery/paulista-pe/mercearia-e-deposito-de-bebidas-emporio-artur-lundgren-ii/bb9c68a9-d061-405b-a63e-ad044ebe7f75;paulista-pe;Novidade;Brasileira;8.0 km;Fechado;R$ 22,99
Sweet Dreams;Não;https://www.ifood.com.br/delivery/paulista-pe/sweet-dreams-artur-lundgren-i/7c1bad2a-aeaf-474f-9479-cd0a0302fff0;paulista-pe;Novidade;Lanches;8.0 km;Fechado;R$ 22,99
Ze da Coxinha;Não;https://www.ifood.com.br/delivery/paulista-pe/ze-da-coxinha-nossa-senhora-da-conceicao/62dd8d42-6d34-4f0d-9b76-ea38c80dfd02;paulista-pe;3.9;Salgados;8.0 km;Fechado;R$ 22,99
Universo dos Bolos;Não;https://www.ifood.com.br/delivery/paulista-pe/universo-dos-bolos-nossa-senhora-da-conceicao/b58123fd-6ff4-43e9-9049-3ee540f26954;paulista-pe;-;Lanches;8.0 km;Fechado;R$ 22,99
Ana Maria Doces e Salgados;Não;https://www.ifood.com.br/delivery/paulista-pe/ana-maria-doces-e-salgados-paratibe/7a116a3f-aaf4-4f2a-b301-e50aabfe16d0;paulista-pe;Novidade;Salgados;8.0 km;Fechado;R$ 22,99
Canto do Açaí;Não;https://www.ifood.com.br/delivery/paulista-pe/canto-do-acai-paratibe/3302a055-5c00-4dcd-815b-581dbbe12c82;paulista-pe;4.0;Açaí;8.0 km;Fechado;R$ 19,98
Pastel Tend Tudo;Não;https://www.ifood.com.br/delivery/paulista-pe/pastel-tend-tudo-nossa-senhora-da-conceicao/09fe77be-4b9c-4dde-b1b0-bbe8889b35ed;paulista-pe;4.0;Pastel;8.1 km;Fechado;R$ 22,99
Milli Aguiar Sonho em Arte;Não;https://www.ifood.com.br/delivery/paulista-pe/milli-aguiar-sonho-em-arte-nossa-senhora-da-conceicao/93c2c37a-7380-4372-8dbf-7cc8c494a09b;paulista-pe;Novidade;Lanches;8.1 km;Fechado;R$ 22,99
Pudim Divino;Não;https://www.ifood.com.br/delivery/paulista-pe/pudim-divino-nossa-senhora-da-conceicao/6ad325b4-6e03-4734-a851-6a2cbfeb560a;paulista-pe;4.5;Doces & Bolos;8.1 km;Fechado;R$ 22,99
Prensadão da Hora;Não;https://www.ifood.com.br/delivery/paulista-pe/prensadao-da-hora-paratibe/f1fde739-5dff-4901-91b8-5b62f74f2e12;paulista-pe;Novidade;Lanches;8.1 km;Fechado;R$ 22,99
Tempero da Sheila;Não;https://www.ifood.com.br/delivery/paulista-pe/tempero-da-sheila-nossa-senhora-do-o/6bff2fa2-aa8b-4c3b-812b-52746b1eafe0;paulista-pe;Novidade;Brasileira;8.2 km;Fechado;R$ 22,99
Amandita Gourmet;Não;https://www.ifood.com.br/delivery/paulista-pe/amandita-gourmet-paratibe/a8521a66-68f5-4c73-bf69-4ab12c0e968b;paulista-pe;-;Sorvetes;8.2 km;Fechado;R$ 22,99
Doces da Lua;Não;https://www.ifood.com.br/delivery/paulista-pe/doces-da-lua-paratibe/1b1a785c-b7f1-41a1-95b8-201666806172;paulista-pe;Novidade;Doces & Bolos;8.2 km;Fechado;R$ 22,99
Comedoria Paratibe;Não;https://www.ifood.com.br/delivery/paulista-pe/comedoria-paratibe-paratibe/db6d871d-3742-4eee-b526-0033e24d71d1;paulista-pe;Novidade;Lanches;8.2 km;Fechado;R$ 22,99
Hamburgueria das Praias;Não;https://www.ifood.com.br/delivery/paulista-pe/hamburgueria-das-praias-nossa-senhora-da-conceicao/e4e79452-1d64-4bf6-828a-64ed194fc7a7;paulista-pe;-;Hambúrguer;8.2 km;Fechado;R$ 22,99
Doceria da Vó Zinha;Não;https://www.ifood.com.br/delivery/paulista-pe/doceria-da-vo-zinha-pau-amarelo/00fff7b7-d2c6-42b3-bbb4-79a23decac03;paulista-pe;5.0;Doces & Bolos;8.3 km;Fechado;R$ 22,99
Cake Deli Rapha Lucena;Não;https://www.ifood.com.br/delivery/paulista-pe/cake-deli-rapha-lucena-nossa-senhora-da-conceicao/f9f1acd6-605c-4c8b-902c-2e2d58b52ff6;paulista-pe;Novidade;Doces & Bolos;8.3 km;Fechado;R$ 22,99
